ClientID,age,job,marital,education,default,balance,housing,loan,contact,month,pdays,previous,poutcome,actual_subscription,prediction_probability,prediction_high_precision,prediction_high_recall,prediction_balanced
0,30,unemployed,married,primary,no,1787,no,no,cellular,oct,-1,0,unknown_outcome,No,0.085,No,No,No
1,33,services,married,secondary,no,4789,yes,yes,cellular,may,339,4,failure,No,0.025,No,No,No
2,35,management,single,tertiary,no,1350,yes,no,cellular,apr,330,1,failure,No,0.05,No,No,No
3,30,management,married,tertiary,no,1476,yes,yes,unspecified,jun,-1,0,unknown_outcome,No,0.015,No,No,No
4,59,blue-collar,married,secondary,no,0,yes,no,unspecified,may,-1,0,unknown_outcome,No,0.15,No,Yes,No
5,35,management,single,tertiary,no,747,no,no,cellular,feb,176,3,failure,No,0.05,No,No,No
6,36,self-employed,married,tertiary,no,307,yes,no,cellular,may,330,2,other,No,0.235,No,Yes,No
7,39,technician,married,secondary,no,147,yes,no,cellular,may,-1,0,unknown_outcome,No,0.065,No,No,No
8,41,entrepreneur,married,tertiary,no,221,yes,no,unspecified,may,-1,0,unknown_outcome,No,0.025,No,No,No
9,43,services,married,primary,no,-88,yes,yes,cellular,apr,147,2,failure,No,0.015,No,No,No
10,39,services,married,secondary,no,9374,yes,no,unspecified,may,-1,0,unknown_outcome,No,0.28,No,Yes,No
11,43,admin.,married,secondary,no,264,yes,no,cellular,apr,-1,0,unknown_outcome,No,0.05,No,No,No
12,36,technician,married,tertiary,no,1109,no,no,cellular,aug,-1,0,unknown_outcome,No,0.055,No,No,No
13,20,student,single,secondary,no,502,no,no,cellular,apr,-1,0,unknown_outcome,Yes,0.16,No,Yes,No
14,31,blue-collar,married,secondary,no,360,yes,yes,cellular,jan,241,1,failure,No,0.105,No,No,No
15,40,management,married,tertiary,no,194,no,yes,cellular,aug,-1,0,unknown_outcome,No,0.195,No,Yes,No
16,56,technician,married,secondary,no,4073,no,no,cellular,aug,-1,0,unknown_outcome,No,0.17,No,Yes,No
17,37,admin.,single,tertiary,no,2317,yes,no,cellular,apr,152,2,failure,No,0.025,No,No,No
18,25,blue-collar,single,primary,no,-221,yes,no,unspecified,may,-1,0,unknown_outcome,No,0.225,No,Yes,No
19,31,services,married,secondary,no,132,no,no,cellular,jul,152,1,other,No,0.305,No,Yes,No
20,38,management,divorced,tertiary,no,0,yes,no,cellular,nov,-1,0,unknown_outcome,No,0.005,No,No,No
21,42,management,divorced,tertiary,no,16,no,no,cellular,nov,-1,0,unknown_outcome,No,0.26,No,Yes,No
22,44,services,single,secondary,no,106,no,no,unspecified,jun,-1,0,unknown_outcome,No,0.215,No,Yes,No
23,44,entrepreneur,married,secondary,no,93,no,no,cellular,jul,-1,0,unknown_outcome,No,0.21,No,Yes,No
24,26,housemaid,married,tertiary,no,543,no,no,cellular,jan,-1,0,unknown_outcome,No,0.12,No,Yes,No
25,41,management,married,tertiary,no,5883,no,no,cellular,nov,-1,0,unknown_outcome,No,0.06,No,No,No
26,55,blue-collar,married,primary,no,627,yes,no,unspecified,may,-1,0,unknown_outcome,No,0.02,No,No,No
27,67,retired,married,secondary,no,696,no,no,telephone,aug,105,2,failure,No,0.305,No,Yes,No
28,56,self-employed,married,secondary,no,784,no,yes,cellular,jul,-1,0,unknown_outcome,No,0.245,No,Yes,No
29,53,admin.,married,secondary,no,105,no,yes,cellular,aug,-1,0,unknown_outcome,No,0.3,No,Yes,No
30,68,retired,divorced,secondary,no,4189,no,no,telephone,jul,-1,0,unknown_outcome,Yes,0.32,No,Yes,No
31,31,technician,married,secondary,no,171,no,no,cellular,aug,-1,0,unknown_outcome,No,0.22,No,Yes,No
32,59,management,married,secondary,no,42,no,no,cellular,nov,-1,0,unknown_outcome,No,0.195,No,Yes,No
33,32,management,single,tertiary,no,2536,yes,no,cellular,aug,-1,0,unknown_outcome,Yes,0.355,No,Yes,No
34,49,technician,married,tertiary,no,1235,no,no,cellular,aug,-1,0,unknown_outcome,Yes,0.015,No,No,No
35,42,admin.,divorced,secondary,no,1811,yes,no,unspecified,may,-1,0,unknown_outcome,No,0.07,No,No,No
36,78,retired,divorced,primary,no,229,no,no,telephone,oct,-1,0,unknown_outcome,Yes,0.06,No,No,No
37,32,blue-collar,married,secondary,no,2089,yes,no,cellular,nov,-1,0,unknown_outcome,Yes,0.17,No,Yes,No
38,33,management,married,secondary,no,3935,yes,no,cellular,may,342,2,failure,Yes,0.02,No,No,No
39,23,services,single,tertiary,no,363,yes,no,unspecified,may,-1,0,unknown_outcome,No,0.425,No,Yes,Yes
40,38,management,single,tertiary,no,11971,yes,no,unspecified,nov,101,3,failure,No,0.53,No,Yes,Yes
41,36,management,single,tertiary,no,553,no,no,cellular,aug,-1,0,unknown_outcome,No,0.14,No,Yes,No
42,52,blue-collar,married,secondary,no,1117,yes,no,cellular,may,-1,0,unknown_outcome,No,0.52,No,Yes,Yes
43,32,technician,married,tertiary,no,396,yes,no,cellular,may,-1,0,unknown_outcome,No,0.035,No,No,No
44,32,technician,single,tertiary,no,2204,yes,no,cellular,nov,-1,0,unknown_outcome,No,0.095,No,No,No
45,34,management,single,tertiary,no,872,yes,no,unspecified,may,-1,0,unknown_outcome,No,0.075,No,No,No
46,55,blue-collar,married,primary,no,145,no,no,telephone,feb,5,2,other,No,0.425,No,Yes,Yes
47,26,blue-collar,married,primary,no,0,yes,no,unspecified,may,-1,0,unknown_outcome,No,0.35,No,Yes,No
48,32,entrepreneur,single,primary,yes,-849,yes,yes,cellular,feb,-1,0,unknown_outcome,No,0.455,No,Yes,Yes
49,61,admin.,married,secondary,no,4629,yes,no,cellular,jan,92,1,success,Yes,0.21,No,Yes,No
50,45,blue-collar,divorced,primary,no,844,no,no,unspecified,jun,-1,0,unknown_outcome,Yes,0.325,No,Yes,No
51,37,technician,single,secondary,no,228,yes,no,cellular,aug,-1,0,unknown_outcome,No,0.105,No,No,No
52,38,technician,single,secondary,no,50,no,no,cellular,aug,-1,0,unknown_outcome,No,0.02,No,No,No
53,34,technician,married,tertiary,no,1539,yes,no,cellular,jun,56,1,other,Yes,0.15,No,Yes,No
54,53,blue-collar,married,secondary,no,2231,yes,no,cellular,jul,-1,0,unknown_outcome,No,0.335,No,Yes,No
55,48,admin.,married,secondary,no,3064,yes,no,telephone,jul,-1,0,unknown_outcome,No,0.125,No,Yes,No
56,57,management,married,secondary,no,82,no,yes,telephone,feb,-1,0,unknown_outcome,No,0.015,No,No,No
57,33,self-employed,single,tertiary,no,2155,no,no,cellular,nov,-1,0,unknown_outcome,No,0.165,No,Yes,No
58,36,retired,single,secondary,no,101,yes,yes,unspecified,may,-1,0,unknown_outcome,No,0.04,No,No,No
59,54,technician,divorced,secondary,no,784,yes,yes,unspecified,may,-1,0,unknown_outcome,No,0.145,No,Yes,No
60,41,blue-collar,married,primary,no,-516,no,yes,telephone,jul,-1,0,unknown_outcome,No,0.005,No,No,No
61,63,retired,married,secondary,no,415,yes,no,cellular,oct,-1,0,unknown_outcome,No,0.49,No,Yes,Yes
62,48,management,married,tertiary,no,5887,no,no,cellular,aug,-1,0,unknown_outcome,No,0.355,No,Yes,No
63,48,services,married,secondary,no,1355,no,no,cellular,jul,-1,0,unknown_outcome,No,0.61,No,Yes,Yes
64,56,admin.,married,secondary,no,16873,no,no,cellular,oct,-1,0,unknown_outcome,No,0.085,No,No,No
65,51,blue-collar,divorced,secondary,no,203,yes,no,cellular,may,170,5,failure,No,0.745,Yes,Yes,Yes
66,31,services,married,secondary,no,338,yes,no,cellular,jan,-1,0,unknown_outcome,No,0.08,No,No,No
67,29,technician,married,secondary,no,444,yes,no,cellular,jul,-1,0,unknown_outcome,No,0.055,No,No,No
68,41,management,married,secondary,no,0,no,yes,cellular,jul,-1,0,unknown_outcome,No,0.455,No,Yes,Yes
69,32,technician,single,tertiary,no,360,no,no,cellular,nov,-1,0,unknown_outcome,No,0.215,No,Yes,No
70,37,management,married,tertiary,no,0,no,no,cellular,jul,182,3,success,Yes,0.06,No,No,No
71,42,entrepreneur,divorced,tertiary,yes,2,yes,no,unspecified,may,-1,0,unknown_outcome,No,0.93,Yes,Yes,Yes
72,31,management,single,tertiary,no,6248,yes,no,unspecified,may,-1,0,unknown_outcome,No,0.8,Yes,Yes,Yes
73,41,services,married,tertiary,no,412,yes,no,unspecified,jun,-1,0,unknown_outcome,No,0.635,No,Yes,Yes
74,56,retired,married,secondary,no,344,yes,no,unspecified,may,-1,0,unknown_outcome,No,0.02,No,No,No
75,54,management,divorced,tertiary,no,3222,no,no,cellular,aug,-1,0,unknown_outcome,No,0.195,No,Yes,No
76,41,blue-collar,divorced,secondary,no,174,yes,no,cellular,may,297,1,other,No,0.16,No,Yes,No
77,40,technician,single,secondary,no,591,no,yes,cellular,aug,-1,0,unknown_outcome,No,0.125,No,Yes,No
78,50,blue-collar,divorced,primary,no,388,no,no,cellular,feb,-1,0,unknown_outcome,No,0.05,No,No,No
79,40,unemployed,married,secondary,no,219,yes,no,cellular,nov,196,1,failure,No,0.025,No,No,No
80,27,admin.,divorced,secondary,no,451,yes,no,cellular,jul,-1,0,unknown_outcome,Yes,0.02,No,No,No
81,60,retired,married,primary,no,5,no,no,cellular,aug,-1,0,unknown_outcome,No,0.055,No,No,No
82,28,admin.,single,secondary,no,177,yes,yes,cellular,may,-1,0,unknown_outcome,No,0.5,No,Yes,Yes
83,52,services,married,secondary,no,657,no,no,telephone,jul,460,2,failure,Yes,0.69,No,Yes,Yes
84,37,management,married,tertiary,no,1315,no,no,cellular,jun,-1,0,unknown_outcome,Yes,0.125,No,Yes,No
85,51,blue-collar,married,primary,no,1466,yes,no,unspecified,may,-1,0,unknown_outcome,No,0.06,No,No,No
86,41,technician,single,secondary,no,879,no,yes,cellular,jul,-1,0,unknown_outcome,No,0.145,No,Yes,No
87,35,blue-collar,single,primary,no,293,yes,no,unspecified,may,-1,0,unknown_outcome,No,0.675,No,Yes,Yes
88,38,admin.,married,secondary,no,424,yes,no,cellular,apr,-1,0,unknown_outcome,No,0.075,No,No,No
89,34,blue-collar,married,secondary,no,1831,yes,no,unspecified,may,-1,0,unknown_outcome,No,0.125,No,Yes,No
90,39,blue-collar,married,primary,no,111,no,no,cellular,nov,-1,0,unknown_outcome,No,0.05,No,No,No
91,34,blue-collar,married,primary,no,455,yes,no,unspecified,jun,-1,0,unknown_outcome,No,0.155,No,Yes,No
92,27,services,single,secondary,no,-195,yes,no,cellular,may,-1,0,unknown_outcome,Yes,0.075,No,No,No
93,32,management,single,tertiary,no,3616,no,no,cellular,aug,-1,0,unknown_outcome,No,0.235,No,Yes,No
94,57,blue-collar,married,secondary,no,14093,no,no,cellular,aug,-1,0,unknown_outcome,No,0.02,No,No,No
95,41,management,single,tertiary,no,1567,no,no,cellular,jul,-1,0,unknown_outcome,No,0.02,No,No,No
96,41,admin.,married,tertiary,no,5426,yes,no,unspecified,may,-1,0,unknown_outcome,No,0.61,No,Yes,Yes
97,30,admin.,single,tertiary,no,261,no,no,cellular,oct,137,20,failure,No,0.095,No,No,No
98,36,blue-collar,divorced,secondary,no,2843,no,no,cellular,feb,182,1,success,No,0.44,No,Yes,Yes
99,31,unemployed,single,primary,no,406,no,no,cellular,feb,-1,0,unknown_outcome,Yes,0.035,No,No,No
100,36,blue-collar,married,secondary,no,0,yes,no,unspecified,may,-1,0,unknown_outcome,No,0.055,No,No,No
101,38,management,single,tertiary,no,493,yes,no,cellular,may,367,7,failure,No,0.045,No,No,No
102,49,technician,married,secondary,no,5996,no,no,telephone,nov,-1,0,unknown_outcome,No,0.005,No,No,No
103,57,services,single,primary,no,3777,yes,no,telephone,may,-1,0,unknown_outcome,No,0.015,No,No,No
104,34,management,single,secondary,no,524,no,no,unspecified,aug,-1,0,unknown_outcome,No,0.085,No,No,No
105,32,management,single,tertiary,no,574,yes,no,cellular,apr,145,3,failure,No,0.04,No,No,No
106,37,blue-collar,married,secondary,no,427,yes,yes,unspecified,jun,-1,0,unknown_outcome,No,0.115,No,No,No
107,33,self-employed,married,tertiary,no,483,yes,no,cellular,feb,-1,0,unknown_outcome,No,0.185,No,Yes,No
108,56,unemployed,married,primary,no,3391,no,no,cellular,apr,-1,0,unknown_outcome,Yes,0.465,No,Yes,Yes
109,27,housemaid,married,primary,no,0,yes,no,cellular,jul,-1,0,unknown_outcome,No,0.02,No,No,No
110,21,student,single,secondary,no,2488,no,no,cellular,jun,169,3,success,Yes,0.11,No,No,No
111,58,management,married,tertiary,no,1517,yes,no,telephone,jul,-1,0,unknown_outcome,No,0.86,Yes,Yes,Yes
112,32,self-employed,married,secondary,no,217,yes,yes,cellular,jul,-1,0,unknown_outcome,No,0.88,Yes,Yes,Yes
113,33,blue-collar,single,secondary,no,22,no,no,cellular,jan,207,1,failure,No,0.455,No,Yes,Yes
114,25,student,single,secondary,no,331,no,no,telephone,aug,-1,0,unknown_outcome,Yes,0.165,No,Yes,No
115,25,technician,single,secondary,no,505,no,yes,cellular,nov,-1,0,unknown_outcome,Yes,0.02,No,No,No
116,30,services,married,secondary,no,1808,yes,no,cellular,may,-1,0,unknown_outcome,No,0.12,No,Yes,No
117,22,admin.,single,secondary,no,4111,no,yes,cellular,aug,-1,0,unknown_outcome,No,0.135,No,Yes,No
118,39,blue-collar,married,primary,no,52,no,no,cellular,aug,-1,0,unknown_outcome,No,0.175,No,Yes,No
119,46,management,divorced,tertiary,no,25,no,no,unspecified,jun,-1,0,unknown_outcome,No,0.36,No,Yes,No
120,31,admin.,divorced,secondary,no,1890,yes,no,cellular,jul,-1,0,unknown_outcome,No,0.25,No,Yes,No
121,45,blue-collar,married,primary,no,419,no,no,cellular,aug,-1,0,unknown_outcome,No,0.15,No,Yes,No
122,32,technician,married,secondary,no,2693,yes,no,unspecified,may,-1,0,unknown_outcome,No,0.3,No,Yes,No
123,36,blue-collar,married,secondary,no,-231,no,yes,cellular,jul,-1,0,unknown_outcome,No,0.49,No,Yes,Yes
124,51,management,single,tertiary,yes,-55,yes,no,cellular,may,266,6,failure,No,0.025,No,No,No
125,34,self-employed,single,tertiary,no,462,no,no,cellular,aug,-1,0,unknown_outcome,Yes,0.06,No,No,No
126,24,unemployed,single,secondary,no,119,no,no,unspecified,sep,-1,0,unknown_outcome,No,0.05,No,No,No
127,45,technician,single,secondary,no,586,no,yes,cellular,jul,-1,0,unknown_outcome,No,0.145,No,Yes,No
128,32,blue-collar,single,secondary,no,228,no,no,telephone,feb,288,3,failure,No,0.035,No,No,No
129,77,retired,divorced,tertiary,no,4659,no,no,cellular,apr,-1,0,unknown_outcome,Yes,0.175,No,Yes,No
130,41,blue-collar,married,primary,no,168,yes,no,cellular,nov,-1,0,unknown_outcome,No,0.08,No,No,No
131,37,blue-collar,married,primary,no,0,yes,no,unspecified,may,-1,0,unknown_outcome,No,0.275,No,Yes,No
132,43,blue-collar,married,secondary,yes,-715,yes,no,unspecified,may,-1,0,unknown_outcome,No,0.32,No,Yes,No
133,48,admin.,married,secondary,no,0,yes,no,cellular,may,168,2,failure,No,0.015,No,No,No
134,27,technician,single,secondary,no,769,yes,no,unspecified,may,-1,0,unknown_outcome,No,0.34,No,Yes,No
135,33,management,single,tertiary,no,0,no,no,cellular,aug,-1,0,unknown_outcome,No,0.67,No,Yes,Yes
136,29,admin.,single,secondary,no,428,yes,yes,cellular,may,345,2,failure,No,0.13,No,Yes,No
137,34,management,single,tertiary,no,0,no,no,cellular,feb,-1,0,unknown_outcome,No,0.01,No,No,No
138,52,management,married,tertiary,no,-970,yes,no,cellular,feb,-1,0,unknown_outcome,Yes,0.36,No,Yes,No
139,60,management,married,tertiary,no,6313,no,no,unspecified,jun,-1,0,unknown_outcome,No,0.17,No,Yes,No
140,32,management,divorced,tertiary,no,948,no,no,cellular,aug,-1,0,unknown_outcome,No,0.12,No,Yes,No
141,32,management,single,tertiary,no,0,yes,no,cellular,jul,-1,0,unknown_outcome,No,0.585,No,Yes,Yes
142,56,services,divorced,secondary,no,1877,yes,no,unspecified,may,-1,0,unknown_outcome,No,0.39,No,Yes,No
143,31,management,single,tertiary,no,874,yes,no,cellular,nov,-1,0,unknown_outcome,No,0.625,No,Yes,Yes
144,42,admin.,married,secondary,no,323,yes,yes,unspecified,may,-1,0,unknown_outcome,No,0.245,No,Yes,No
145,35,management,married,tertiary,no,106,no,yes,cellular,aug,-1,0,unknown_outcome,No,0.01,No,No,No
146,56,retired,married,primary,no,1906,no,yes,unspecified,jun,-1,0,unknown_outcome,No,0.56,No,Yes,Yes
147,48,technician,married,secondary,no,1152,yes,no,cellular,jul,-1,0,unknown_outcome,No,0.015,No,No,No
148,46,admin.,married,secondary,no,179,yes,no,cellular,jan,436,1,other,No,0.015,No,No,No
149,37,technician,single,secondary,no,391,yes,no,unspecified,may,-1,0,unknown_outcome,No,0.205,No,Yes,No
150,41,entrepreneur,married,tertiary,no,89,yes,no,unspecified,may,-1,0,unknown_outcome,No,0.13,No,Yes,No
151,36,management,single,tertiary,no,442,yes,yes,cellular,jul,-1,0,unknown_outcome,No,0.3,No,Yes,No
152,45,unemployed,divorced,primary,yes,-249,yes,yes,unspecified,jul,-1,0,unknown_outcome,No,0.65,No,Yes,Yes
153,55,entrepreneur,married,secondary,no,8104,no,no,cellular,feb,-1,0,unknown_outcome,No,0.06,No,No,No
154,39,technician,married,secondary,no,501,no,no,unspecified,may,-1,0,unknown_outcome,No,0.2,No,Yes,No
155,35,technician,divorced,secondary,no,308,no,no,cellular,aug,-1,0,unknown_outcome,No,0.685,No,Yes,Yes
156,55,admin.,married,secondary,no,602,no,no,cellular,jun,90,2,success,Yes,0.095,No,No,No
157,55,technician,married,secondary,no,273,yes,no,cellular,jan,183,3,failure,No,0.035,No,No,No
158,27,self-employed,single,secondary,no,50,no,no,cellular,jan,-1,0,unknown_outcome,No,0.115,No,No,No
159,34,technician,married,secondary,no,1641,yes,no,cellular,apr,-1,0,unknown_outcome,No,0.635,No,Yes,Yes
160,34,blue-collar,married,tertiary,no,20,no,no,unspecified,oct,-1,0,unknown_outcome,No,0.945,Yes,Yes,Yes
161,25,admin.,single,secondary,no,4590,yes,no,unspecified,may,-1,0,unknown_outcome,No,0.065,No,No,No
162,41,admin.,single,secondary,no,-256,no,yes,unspecified,may,-1,0,unknown_outcome,No,0.08,No,No,No
163,43,services,married,secondary,no,978,yes,yes,unspecified,may,-1,0,unknown_outcome,No,0.125,No,Yes,No
164,28,management,single,tertiary,no,80,no,no,cellular,oct,146,2,failure,Yes,0.12,No,Yes,No
165,31,admin.,single,secondary,no,2104,yes,no,unspecified,jun,-1,0,unknown_outcome,No,0.645,No,Yes,Yes
166,78,housemaid,married,secondary,no,499,no,no,telephone,mar,-1,0,unknown_outcome,No,0.345,No,Yes,No
167,45,blue-collar,divorced,secondary,no,1269,yes,no,cellular,jan,-1,0,unknown_outcome,No,0.59,No,Yes,Yes
168,48,technician,married,tertiary,no,310,no,no,unspecified,may,-1,0,unknown_outcome,No,0.215,No,Yes,No
169,32,blue-collar,single,secondary,no,1143,yes,yes,cellular,jul,-1,0,unknown_outcome,No,0.155,No,Yes,No
170,42,technician,married,secondary,no,2980,no,no,unspecified,jun,-1,0,unknown_outcome,No,0.095,No,No,No
171,37,management,single,tertiary,no,37,no,no,cellular,jan,-1,0,unknown_outcome,No,0.125,No,Yes,No
172,40,admin.,single,secondary,no,462,yes,yes,cellular,apr,335,4,other,No,0.32,No,Yes,No
173,32,admin.,married,secondary,no,1031,yes,no,cellular,jul,-1,0,unknown_outcome,No,0.535,No,Yes,Yes
174,42,management,married,tertiary,no,9009,no,no,cellular,nov,-1,0,unknown_outcome,No,0.105,No,No,No
175,43,admin.,married,secondary,no,-465,yes,yes,cellular,jul,-1,0,unknown_outcome,No,0.19,No,Yes,No
176,44,admin.,married,secondary,no,5181,yes,yes,cellular,jul,-1,0,unknown_outcome,No,0.73,No,Yes,Yes
177,37,admin.,married,secondary,no,176,yes,no,cellular,may,347,1,failure,No,0.115,No,No,No
178,37,management,married,tertiary,no,1699,no,no,unspecified,jun,-1,0,unknown_outcome,No,0.255,No,Yes,No
179,37,admin.,married,tertiary,no,0,yes,no,cellular,nov,119,1,failure,No,0.055,No,No,No
180,28,technician,single,tertiary,no,172,yes,yes,cellular,feb,-1,0,unknown_outcome,No,0.02,No,No,No
181,32,services,single,secondary,no,0,no,yes,cellular,jul,-1,0,unknown_outcome,No,0.185,No,Yes,No
182,34,admin.,single,secondary,no,6979,yes,no,cellular,may,-1,0,unknown_outcome,No,0.01,No,No,No
183,40,admin.,divorced,secondary,no,6,no,no,unspecified,jun,-1,0,unknown_outcome,No,0.03,No,No,No
184,34,services,married,secondary,no,-62,yes,no,unspecified,jun,-1,0,unknown_outcome,No,0.92,Yes,Yes,Yes
185,34,self-employed,married,tertiary,no,1972,yes,no,cellular,jul,-1,0,unknown_outcome,No,0.07,No,No,No
186,34,admin.,married,tertiary,no,899,yes,no,telephone,nov,7,4,success,No,0.1,No,No,No
187,37,services,single,secondary,no,21,yes,no,cellular,feb,271,2,other,No,0.015,No,No,No
188,36,technician,married,secondary,no,23,yes,no,cellular,may,347,1,failure,No,0.105,No,No,No
189,56,retired,married,secondary,no,-1206,yes,no,cellular,jun,-1,0,unknown_outcome,Yes,0.1,No,No,No
190,49,blue-collar,married,primary,no,0,yes,yes,telephone,jul,-1,0,unknown_outcome,No,0.65,No,Yes,Yes
191,33,self-employed,married,secondary,no,215,yes,no,cellular,jul,-1,0,unknown_outcome,No,0.055,No,No,No
192,30,management,single,tertiary,no,1372,no,no,cellular,nov,-1,0,unknown_outcome,No,0.045,No,No,No
193,36,services,married,secondary,no,1981,no,no,unspecified,jun,-1,0,unknown_outcome,No,0.03,No,No,No
194,23,student,single,secondary,no,9216,no,no,cellular,jun,-1,0,unknown_outcome,No,0.155,No,Yes,No
195,57,retired,divorced,secondary,no,39,yes,no,cellular,jul,-1,0,unknown_outcome,No,0.06,No,No,No
196,27,blue-collar,single,secondary,no,5563,yes,no,unspecified,may,-1,0,unknown_outcome,No,0.02,No,No,No
197,38,services,married,secondary,no,1,no,yes,cellular,nov,-1,0,unknown_outcome,No,0.045,No,No,No
198,42,technician,married,tertiary,no,782,no,no,cellular,apr,-1,0,unknown_outcome,No,0.145,No,Yes,No
199,75,retired,married,secondary,no,3771,no,no,telephone,apr,181,2,success,Yes,0.05,No,No,No
200,34,technician,single,tertiary,no,992,yes,no,cellular,may,88,2,success,No,0.07,No,No,No
201,48,technician,married,secondary,no,1526,no,no,cellular,aug,-1,0,unknown_outcome,No,0.07,No,No,No
202,35,technician,single,tertiary,no,2658,yes,no,cellular,aug,141,3,failure,Yes,0.07,No,No,No
203,39,management,divorced,tertiary,no,1315,yes,no,cellular,nov,126,1,failure,No,0.075,No,No,No
204,29,blue-collar,single,tertiary,no,455,no,no,telephone,apr,-1,0,unknown_outcome,Yes,0.005,No,No,No
205,45,technician,single,tertiary,no,0,yes,no,cellular,nov,-1,0,unknown_outcome,No,0.045,No,No,No
206,42,technician,married,secondary,no,2030,yes,yes,cellular,jul,-1,0,unknown_outcome,No,0.065,No,No,No
207,29,technician,married,secondary,no,1599,yes,no,cellular,jul,61,1,failure,No,0.09,No,No,No
208,38,services,single,secondary,no,-196,yes,no,cellular,feb,271,1,failure,No,0.03,No,No,No
209,56,retired,married,secondary,no,1333,no,no,cellular,aug,-1,0,unknown_outcome,No,0.17,No,Yes,No
210,36,technician,single,secondary,no,9149,yes,no,cellular,aug,-1,0,unknown_outcome,No,0.35,No,Yes,No
211,25,blue-collar,single,secondary,no,-350,yes,no,unspecified,jun,-1,0,unknown_outcome,No,0.08,No,No,No
212,38,technician,married,tertiary,no,432,yes,no,cellular,may,373,1,other,No,0.49,No,Yes,Yes
213,57,self-employed,married,secondary,no,11494,no,no,cellular,nov,-1,0,unknown_outcome,No,0.175,No,Yes,No
214,31,management,married,tertiary,yes,-253,no,no,cellular,aug,-1,0,unknown_outcome,No,0.045,No,No,No
215,42,management,married,tertiary,no,372,yes,no,cellular,aug,-1,0,unknown_outcome,Yes,0.045,No,No,No
216,45,technician,married,secondary,no,1410,no,no,cellular,aug,-1,0,unknown_outcome,No,0.025,No,No,No
217,30,blue-collar,married,secondary,no,975,yes,no,cellular,may,351,2,failure,No,0.24,No,Yes,No
218,49,blue-collar,married,primary,no,305,yes,yes,telephone,jul,-1,0,unknown_outcome,No,0.18,No,Yes,No
219,49,services,married,secondary,no,400,no,no,cellular,aug,-1,0,unknown_outcome,No,0.04,No,No,No
220,53,retired,married,tertiary,no,-22,yes,no,cellular,jul,-1,0,unknown_outcome,No,0.015,No,No,No
221,37,technician,married,secondary,no,4030,yes,no,unspecified,may,-1,0,unknown_outcome,No,0.11,No,No,No
222,49,blue-collar,married,primary,no,365,no,no,unspecified,may,-1,0,unknown_outcome,No,0.025,No,No,No
223,41,self-employed,married,primary,no,204,no,no,cellular,aug,-1,0,unknown_outcome,No,0.12,No,Yes,No
224,54,management,married,primary,no,1691,yes,no,cellular,nov,-1,0,unknown_outcome,No,0.145,No,Yes,No
225,32,services,single,secondary,no,406,yes,no,unspecified,may,-1,0,unknown_outcome,No,0.3,No,Yes,No
226,33,technician,married,secondary,no,-204,no,no,cellular,may,-1,0,unknown_outcome,No,0.28,No,Yes,No
227,33,technician,married,secondary,no,359,yes,no,cellular,apr,242,1,other,No,0.12,No,Yes,No
228,36,blue-collar,married,primary,no,123,yes,no,cellular,may,-1,0,unknown_outcome,No,0.23,No,Yes,No
229,35,technician,married,tertiary,no,0,yes,yes,cellular,sep,62,6,other,No,0.095,No,No,No
230,52,management,married,secondary,no,142,no,no,cellular,aug,-1,0,unknown_outcome,No,0.305,No,Yes,No
231,40,entrepreneur,married,tertiary,no,3571,no,no,unspecified,jun,-1,0,unknown_outcome,No,0.065,No,No,No
232,44,technician,single,secondary,no,33,yes,no,cellular,may,351,10,failure,No,0.285,No,Yes,No
233,45,blue-collar,single,secondary,no,0,yes,no,cellular,jul,91,5,success,No,0.085,No,No,No
234,30,student,single,secondary,no,3096,no,no,cellular,jan,-1,0,unknown_outcome,No,0.725,No,Yes,Yes
235,48,technician,divorced,secondary,yes,20,no,no,cellular,aug,-1,0,unknown_outcome,No,0.02,No,No,No
236,33,blue-collar,married,secondary,no,3576,yes,no,cellular,apr,308,2,other,No,0.075,No,No,No
237,57,technician,married,secondary,no,206,yes,no,unspecified,may,-1,0,unknown_outcome,No,0.49,No,Yes,Yes
238,57,housemaid,married,primary,no,7082,no,no,unspecified,jun,-1,0,unknown_outcome,No,0.465,No,Yes,Yes
239,51,unemployed,married,tertiary,no,1634,yes,no,cellular,jul,-1,0,unknown_outcome,No,0.08,No,No,No
240,34,admin.,single,secondary,no,1,yes,no,cellular,jul,-1,0,unknown_outcome,No,0.385,No,Yes,No
241,50,self-employed,married,tertiary,no,4012,no,no,cellular,nov,-1,0,unknown_outcome,No,0.15,No,Yes,No
242,44,management,married,tertiary,no,3762,no,no,cellular,aug,-1,0,unknown_outcome,No,0.35,No,Yes,No
243,27,admin.,married,secondary,no,-247,yes,yes,unspecified,jun,-1,0,unknown_outcome,No,0.03,No,No,No
244,50,blue-collar,married,secondary,no,606,yes,no,unspecified,may,-1,0,unknown_outcome,No,0.05,No,No,No
245,36,management,married,tertiary,no,0,yes,no,cellular,jan,250,1,other,No,0.25,No,Yes,No
246,42,management,married,secondary,no,-189,yes,no,unspecified,may,-1,0,unknown_outcome,No,0.005,No,No,No
247,32,unemployed,single,secondary,no,0,no,no,cellular,may,-1,0,unknown_outcome,No,0.065,No,No,No
248,42,management,married,tertiary,no,484,yes,no,cellular,jul,-1,0,unknown_outcome,No,0.025,No,No,No
249,43,technician,married,secondary,no,0,no,yes,cellular,may,172,5,failure,No,0.06,No,No,No
250,31,management,married,tertiary,no,395,yes,no,cellular,feb,-1,0,unknown_outcome,No,0.21,No,Yes,No
251,32,management,married,tertiary,no,2349,no,no,cellular,aug,-1,0,unknown_outcome,No,0.05,No,No,No
252,55,blue-collar,divorced,primary,no,410,no,yes,cellular,jul,-1,0,unknown_outcome,No,0.035,No,No,No
253,58,retired,married,primary,no,3401,yes,no,cellular,feb,265,2,failure,No,0.04,No,No,No
254,46,blue-collar,married,primary,no,222,no,no,cellular,aug,-1,0,unknown_outcome,No,0.22,No,Yes,No
255,55,blue-collar,married,secondary,no,989,yes,yes,unspecified,may,-1,0,unknown_outcome,No,0.175,No,Yes,No
256,34,management,married,tertiary,no,415,no,yes,cellular,jul,-1,0,unknown_outcome,No,0.145,No,Yes,No
257,28,unemployed,single,secondary,no,16,no,no,cellular,aug,-1,0,unknown_outcome,No,0.395,No,Yes,No
258,42,technician,divorced,tertiary,no,7190,yes,no,cellular,jul,-1,0,unknown_outcome,No,0.78,Yes,Yes,Yes
259,29,blue-collar,single,secondary,no,482,no,yes,cellular,jul,-1,0,unknown_outcome,Yes,0.275,No,Yes,No
260,54,housemaid,married,secondary,no,209,yes,yes,cellular,jul,-1,0,unknown_outcome,No,0.105,No,No,No
261,32,technician,single,secondary,no,0,no,no,cellular,aug,-1,0,unknown_outcome,No,0.035,No,No,No
262,39,technician,single,tertiary,no,5803,no,no,cellular,feb,-1,0,unknown_outcome,No,0.26,No,Yes,No
263,53,entrepreneur,married,tertiary,no,624,no,yes,cellular,jul,-1,0,unknown_outcome,No,0.785,Yes,Yes,Yes
264,58,technician,married,tertiary,no,883,no,no,cellular,aug,78,2,failure,No,0.015,No,No,No
265,40,self-employed,married,secondary,no,1516,yes,yes,unspecified,may,-1,0,unknown_outcome,No,0.145,No,Yes,No
266,29,student,single,secondary,no,872,yes,no,unspecified,may,-1,0,unknown_outcome,No,0.055,No,No,No
267,33,technician,married,tertiary,no,-988,yes,yes,cellular,jul,-1,0,unknown_outcome,No,0.59,No,Yes,Yes
268,38,admin.,single,secondary,no,902,yes,no,telephone,jul,-1,0,unknown_outcome,No,0.165,No,Yes,No
269,56,services,divorced,secondary,no,1007,no,no,cellular,jul,-1,0,unknown_outcome,No,0.69,No,Yes,Yes
270,40,services,married,secondary,no,0,yes,no,cellular,jun,28,3,failure,No,0.215,No,Yes,No
271,24,blue-collar,single,secondary,no,174,yes,yes,cellular,may,-1,0,unknown_outcome,Yes,0.06,No,No,No
272,46,management,married,secondary,no,12186,no,no,unspecified,jun,-1,0,unknown_outcome,No,0.04,No,No,No
273,35,self-employed,married,secondary,no,524,yes,no,cellular,nov,-1,0,unknown_outcome,No,0.145,No,Yes,No
274,35,blue-collar,single,tertiary,no,0,yes,no,cellular,jul,-1,0,unknown_outcome,No,0.03,No,No,No
275,34,technician,married,secondary,no,4,yes,no,unspecified,may,-1,0,unknown_outcome,No,0.095,No,No,No
276,35,housemaid,married,tertiary,no,11219,no,no,cellular,aug,79,1,failure,No,0.56,No,Yes,Yes
277,38,technician,single,tertiary,no,0,no,no,cellular,aug,-1,0,unknown_outcome,No,0.035,No,No,No
278,50,blue-collar,married,primary,no,5776,no,no,cellular,nov,-1,0,unknown_outcome,No,0.105,No,No,No
279,51,blue-collar,divorced,primary,no,37,yes,no,cellular,may,-1,0,unknown_outcome,No,0.39,No,Yes,No
280,59,self-employed,married,tertiary,no,593,no,no,unspecified,may,-1,0,unknown_outcome,No,0.225,No,Yes,No
281,32,blue-collar,married,secondary,no,1148,yes,no,cellular,apr,-1,0,unknown_outcome,No,0.085,No,No,No
282,37,blue-collar,single,secondary,no,3561,yes,no,unspecified,jun,-1,0,unknown_outcome,No,0.13,No,Yes,No
283,42,admin.,divorced,secondary,no,63,no,no,unspecified,may,-1,0,unknown_outcome,No,0.625,No,Yes,Yes
284,40,student,married,secondary,no,260,no,no,unspecified,jun,-1,0,unknown_outcome,No,0.11,No,No,No
285,28,technician,single,tertiary,no,2269,yes,no,unspecified,may,-1,0,unknown_outcome,No,0.075,No,No,No
286,47,admin.,married,secondary,no,1060,yes,no,unspecified,jun,-1,0,unknown_outcome,No,0.465,No,Yes,Yes
287,27,self-employed,married,secondary,no,-220,yes,no,unspecified,may,-1,0,unknown_outcome,No,0.05,No,No,No
288,41,management,married,tertiary,no,49,yes,no,cellular,jul,-1,0,unknown_outcome,No,0.305,No,Yes,No
289,34,admin.,married,tertiary,no,69,no,yes,cellular,aug,1,6,success,Yes,0.585,No,Yes,Yes
290,50,blue-collar,married,primary,no,4108,yes,no,cellular,aug,-1,0,unknown_outcome,Yes,0.15,No,Yes,No
291,47,blue-collar,married,secondary,no,480,yes,no,unspecified,may,-1,0,unknown_outcome,No,0.25,No,Yes,No
292,53,services,married,secondary,no,4994,no,no,cellular,aug,-1,0,unknown_outcome,No,0.38,No,Yes,No
293,53,technician,divorced,secondary,no,0,yes,yes,cellular,jul,-1,0,unknown_outcome,No,0.28,No,Yes,No
294,47,management,married,tertiary,no,3681,no,no,cellular,aug,-1,0,unknown_outcome,No,0.23,No,Yes,No
295,49,entrepreneur,divorced,tertiary,yes,-701,yes,no,cellular,jul,-1,0,unknown_outcome,Yes,0.415,No,Yes,Yes
296,29,management,married,tertiary,no,451,no,no,cellular,jan,-1,0,unknown_outcome,No,0.095,No,No,No
297,45,blue-collar,divorced,primary,no,-311,yes,no,unspecified,may,-1,0,unknown_outcome,Yes,0.235,No,Yes,No
298,38,entrepreneur,married,secondary,no,593,yes,yes,cellular,jul,-1,0,unknown_outcome,Yes,0.115,No,No,No
299,32,blue-collar,married,secondary,no,759,yes,no,cellular,apr,-1,0,unknown_outcome,Yes,0.005,No,No,No
300,70,retired,divorced,primary,no,4531,no,no,cellular,may,-1,0,unknown_outcome,No,0.86,Yes,Yes,Yes
301,65,retired,divorced,primary,no,1840,no,no,cellular,jun,188,5,failure,No,0.335,No,Yes,No
302,56,blue-collar,married,secondary,no,345,yes,no,telephone,jul,-1,0,unknown_outcome,No,0.065,No,No,No
303,35,blue-collar,married,secondary,no,1287,yes,no,cellular,jul,-1,0,unknown_outcome,No,0.25,No,Yes,No
304,56,management,married,tertiary,no,353,no,yes,cellular,jul,-1,0,unknown_outcome,No,0.195,No,Yes,No
305,56,technician,married,secondary,no,205,no,yes,cellular,jul,-1,0,unknown_outcome,No,0.075,No,No,No
306,49,entrepreneur,married,secondary,no,687,yes,no,cellular,apr,-1,0,unknown_outcome,Yes,0.145,No,Yes,No
307,38,unemployed,married,primary,no,1147,yes,yes,unspecified,may,-1,0,unknown_outcome,No,0.005,No,No,No
308,35,management,married,tertiary,no,4286,yes,no,unspecified,may,-1,0,unknown_outcome,No,0.335,No,Yes,No
309,38,admin.,married,tertiary,no,605,no,no,cellular,nov,-1,0,unknown_outcome,No,0.43,No,Yes,Yes
310,49,blue-collar,married,secondary,no,8545,yes,yes,cellular,may,167,1,failure,No,0.255,No,Yes,No
311,55,management,married,tertiary,no,559,no,no,cellular,jan,-1,0,unknown_outcome,No,0.025,No,No,No
312,43,blue-collar,single,primary,no,2,yes,no,cellular,jul,-1,0,unknown_outcome,No,0.16,No,Yes,No
313,43,management,married,tertiary,no,2,no,yes,cellular,aug,-1,0,unknown_outcome,No,0.285,No,Yes,No
314,25,admin.,single,tertiary,no,760,yes,no,cellular,may,89,2,failure,Yes,0.12,No,Yes,No
315,30,blue-collar,married,primary,no,1317,yes,no,unspecified,may,-1,0,unknown_outcome,No,0.17,No,Yes,No
316,46,blue-collar,married,secondary,no,182,no,no,cellular,feb,-1,0,unknown_outcome,No,0.03,No,No,No
317,50,admin.,married,primary,no,276,no,yes,unspecified,jun,-1,0,unknown_outcome,No,0.12,No,Yes,No
318,35,entrepreneur,married,secondary,no,2971,no,no,cellular,may,164,2,failure,Yes,0.215,No,Yes,No
319,26,unemployed,single,secondary,no,1064,no,no,unspecified,may,-1,0,unknown_outcome,No,0.025,No,No,No
320,45,admin.,married,secondary,no,1783,no,no,unspecified,jun,-1,0,unknown_outcome,No,0.195,No,Yes,No
321,37,blue-collar,married,secondary,no,-67,no,no,cellular,feb,-1,0,unknown_outcome,No,0.925,Yes,Yes,Yes
322,60,self-employed,single,tertiary,no,179,no,yes,cellular,jul,-1,0,unknown_outcome,No,0.21,No,Yes,No
323,38,management,married,tertiary,no,1199,no,no,cellular,aug,1,1,success,Yes,0.175,No,Yes,No
324,47,blue-collar,married,primary,no,214,yes,yes,unspecified,jun,-1,0,unknown_outcome,No,0.06,No,No,No
325,33,technician,married,secondary,no,6699,no,no,cellular,nov,462,1,failure,No,0.09,No,No,No
326,51,unemployed,married,secondary,no,1760,no,yes,cellular,nov,-1,0,unknown_outcome,No,0.23,No,Yes,No
327,35,entrepreneur,single,tertiary,no,145,yes,no,cellular,jul,-1,0,unknown_outcome,Yes,0.195,No,Yes,No
328,35,unemployed,married,secondary,no,978,no,no,cellular,dec,209,3,success,Yes,0.17,No,Yes,No
329,48,admin.,single,secondary,no,1150,yes,no,unspecified,may,-1,0,unknown_outcome,No,0.165,No,Yes,No
330,37,admin.,married,secondary,no,121,no,no,cellular,jul,-1,0,unknown_outcome,No,0.105,No,No,No
331,29,technician,single,tertiary,no,828,yes,no,cellular,apr,321,3,other,No,0.31,No,Yes,No
332,34,admin.,married,secondary,no,244,yes,no,cellular,jul,-1,0,unknown_outcome,No,0.225,No,Yes,No
333,32,services,married,primary,no,228,yes,no,cellular,jul,-1,0,unknown_outcome,Yes,0.04,No,No,No
334,30,management,single,tertiary,no,424,no,no,cellular,apr,-1,0,unknown_outcome,Yes,0.13,No,Yes,No
335,47,management,divorced,tertiary,no,447,no,yes,unspecified,may,-1,0,unknown_outcome,No,0.005,No,No,No
336,33,blue-collar,married,primary,no,-195,no,no,unspecified,sep,-1,0,unknown_outcome,No,0.09,No,No,No
337,33,management,single,tertiary,no,1410,yes,no,cellular,feb,254,5,failure,No,0.02,No,No,No
338,63,retired,married,primary,no,1084,no,no,cellular,oct,183,1,success,No,0.075,No,No,No
339,51,self-employed,divorced,primary,no,10924,no,no,cellular,may,-1,0,unknown_outcome,No,0.1,No,No,No
340,41,management,married,tertiary,no,832,yes,yes,cellular,nov,176,1,failure,No,0.085,No,No,No
341,56,retired,married,tertiary,no,478,no,no,cellular,feb,-1,0,unknown_outcome,No,0.09,No,No,No
342,60,management,single,tertiary,no,0,no,yes,cellular,jul,-1,0,unknown_outcome,No,0.075,No,No,No
343,41,self-employed,single,tertiary,no,3950,yes,no,unspecified,may,-1,0,unknown_outcome,No,0.065,No,No,No
344,37,management,single,tertiary,no,504,yes,no,cellular,apr,-1,0,unknown_outcome,No,0.0,No,No,No
345,36,blue-collar,single,secondary,no,219,yes,yes,cellular,may,347,1,failure,No,0.155,No,Yes,No
346,57,management,married,tertiary,no,1602,no,no,cellular,jul,-1,0,unknown_outcome,No,0.635,No,Yes,Yes
347,55,management,married,primary,no,2587,no,no,cellular,sep,94,2,success,Yes,0.085,No,No,No
348,44,admin.,married,secondary,no,0,yes,yes,unspecified,may,-1,0,unknown_outcome,No,0.03,No,No,No
349,47,self-employed,married,tertiary,no,2303,yes,no,cellular,may,364,1,failure,No,0.105,No,No,No
350,31,blue-collar,married,secondary,no,1660,yes,no,cellular,apr,-1,0,unknown_outcome,No,0.195,No,Yes,No
351,35,management,married,tertiary,yes,32,yes,no,cellular,nov,-1,0,unknown_outcome,No,0.055,No,No,No
352,39,management,married,tertiary,no,278,no,yes,cellular,jul,-1,0,unknown_outcome,No,0.195,No,Yes,No
353,50,management,married,tertiary,no,4,no,no,cellular,nov,96,2,failure,No,0.045,No,No,No
354,29,management,married,tertiary,no,318,yes,no,cellular,may,356,4,failure,No,0.11,No,No,No
355,30,services,single,secondary,no,209,yes,no,unspecified,may,-1,0,unknown_outcome,No,0.72,No,Yes,Yes
356,46,services,married,secondary,no,271,yes,no,unspecified,may,-1,0,unknown_outcome,No,0.04,No,No,No
357,27,management,single,tertiary,no,3196,no,no,cellular,feb,-1,0,unknown_outcome,No,0.035,No,No,No
358,48,admin.,divorced,secondary,no,4099,no,no,cellular,apr,-1,0,unknown_outcome,Yes,0.01,No,No,No
359,26,student,single,secondary,no,2572,yes,no,cellular,may,-1,0,unknown_outcome,No,0.06,No,No,No
360,36,management,single,tertiary,no,339,no,no,cellular,nov,-1,0,unknown_outcome,No,0.27,No,Yes,No
361,42,blue-collar,married,primary,no,0,yes,yes,cellular,may,-1,0,unknown_outcome,No,0.025,No,No,No
362,50,housemaid,married,primary,no,395,yes,no,unspecified,may,-1,0,unknown_outcome,No,0.105,No,No,No
363,49,blue-collar,married,secondary,no,2039,yes,no,cellular,nov,-1,0,unknown_outcome,No,0.255,No,Yes,No
364,45,management,married,tertiary,no,5450,no,no,cellular,aug,-1,0,unknown_outcome,No,0.14,No,Yes,No
365,23,student,single,secondary,no,780,no,no,cellular,sep,-1,0,unknown_outcome,No,0.14,No,Yes,No
366,38,technician,single,secondary,no,0,yes,no,cellular,apr,-1,0,unknown_outcome,No,0.005,No,No,No
367,32,management,single,tertiary,no,8436,yes,no,cellular,apr,149,2,failure,No,0.04,No,No,No
368,60,technician,single,primary,no,11262,no,no,cellular,aug,-1,0,unknown_outcome,Yes,0.27,No,Yes,No
369,30,entrepreneur,married,secondary,no,946,yes,no,cellular,nov,183,1,other,No,0.1,No,No,No
370,58,housemaid,married,tertiary,no,497,no,no,unspecified,jun,-1,0,unknown_outcome,No,0.045,No,No,No
371,60,retired,married,primary,no,55,no,no,cellular,jun,-1,0,unknown_outcome,No,0.135,No,Yes,No
372,38,services,married,secondary,no,-140,no,no,unspecified,jun,-1,0,unknown_outcome,No,0.365,No,Yes,No
373,51,technician,married,secondary,no,-379,yes,no,cellular,aug,-1,0,unknown_outcome,No,0.41,No,Yes,Yes
374,42,admin.,married,secondary,no,-396,yes,no,cellular,may,308,4,failure,No,0.215,No,Yes,No
375,30,services,single,secondary,no,0,yes,no,cellular,may,363,9,failure,No,0.455,No,Yes,Yes
376,40,management,married,primary,no,733,yes,no,unspecified,jun,-1,0,unknown_outcome,No,0.36,No,Yes,No
377,37,management,married,tertiary,no,393,yes,no,cellular,may,275,4,failure,Yes,0.025,No,No,No
378,53,technician,divorced,primary,no,7290,yes,no,unspecified,may,-1,0,unknown_outcome,No,0.21,No,Yes,No
379,27,services,single,secondary,no,468,yes,no,cellular,may,-1,0,unknown_outcome,No,0.025,No,No,No
380,39,blue-collar,married,secondary,no,0,yes,no,cellular,apr,325,1,failure,No,0.885,Yes,Yes,Yes
381,39,blue-collar,married,primary,no,3705,yes,no,unspecified,jun,-1,0,unknown_outcome,No,0.125,No,Yes,No
382,59,retired,married,tertiary,no,9676,no,no,telephone,mar,-1,0,unknown_outcome,Yes,0.165,No,Yes,No
383,37,services,married,secondary,no,1328,yes,no,telephone,may,341,4,failure,No,0.275,No,Yes,No
384,41,blue-collar,married,primary,no,8,yes,no,cellular,jul,-1,0,unknown_outcome,No,0.045,No,No,No
385,45,blue-collar,married,primary,no,61,no,no,cellular,apr,-1,0,unknown_outcome,No,0.355,No,Yes,No
386,48,management,married,tertiary,no,6613,no,no,unspecified,jun,-1,0,unknown_outcome,No,0.03,No,No,No
387,48,technician,married,secondary,no,302,yes,no,unspecified,may,-1,0,unknown_outcome,No,0.595,No,Yes,Yes
388,32,blue-collar,married,secondary,no,1005,no,no,cellular,may,-1,0,unknown_outcome,No,0.005,No,No,No
389,35,services,married,secondary,no,109,yes,no,unspecified,may,-1,0,unknown_outcome,No,0.02,No,No,No
390,33,management,single,tertiary,no,1240,yes,no,cellular,feb,260,1,other,No,0.22,No,Yes,No
391,28,blue-collar,single,primary,no,0,yes,yes,unspecified,jun,-1,0,unknown_outcome,No,0.25,No,Yes,No
392,64,retired,married,secondary,no,2923,no,no,cellular,mar,-1,0,unknown_outcome,No,0.145,No,Yes,No
393,35,technician,married,secondary,no,0,no,no,cellular,aug,-1,0,unknown_outcome,No,0.125,No,Yes,No
394,33,blue-collar,married,secondary,no,43,yes,no,cellular,may,358,2,failure,No,0.02,No,No,No
395,41,technician,married,secondary,no,288,yes,no,unspecified,may,-1,0,unknown_outcome,No,0.16,No,Yes,No
396,34,admin.,married,secondary,no,613,yes,no,cellular,jun,-1,0,unknown_outcome,No,0.145,No,Yes,No
397,37,technician,single,tertiary,no,6101,no,no,cellular,may,87,1,success,No,0.06,No,No,No
398,38,blue-collar,married,primary,no,168,yes,yes,telephone,may,-1,0,unknown_outcome,No,0.415,No,Yes,Yes
399,39,blue-collar,married,primary,no,7685,yes,no,cellular,apr,-1,0,unknown_outcome,No,0.9,Yes,Yes,Yes
400,35,technician,divorced,tertiary,no,4515,yes,no,cellular,nov,-1,0,unknown_outcome,No,0.18,No,Yes,No
401,28,blue-collar,single,secondary,no,517,no,yes,cellular,jul,-1,0,unknown_outcome,Yes,0.025,No,No,No
402,27,blue-collar,single,secondary,no,148,no,no,cellular,jul,-1,0,unknown_outcome,No,0.655,No,Yes,Yes
403,48,retired,married,primary,yes,-285,no,yes,cellular,nov,-1,0,unknown_outcome,No,0.045,No,No,No
404,50,blue-collar,married,secondary,no,887,no,no,unspecified,jun,-1,0,unknown_outcome,No,0.23,No,Yes,No
405,45,self-employed,married,secondary,no,3098,yes,no,cellular,aug,-1,0,unknown_outcome,No,0.35,No,Yes,No
406,41,technician,married,tertiary,no,744,yes,no,unspecified,may,-1,0,unknown_outcome,No,0.29,No,Yes,No
407,39,technician,married,secondary,no,130,no,no,cellular,jul,-1,0,unknown_outcome,No,0.09,No,No,No
408,44,management,married,secondary,no,438,yes,no,telephone,may,303,1,failure,No,0.195,No,Yes,No
409,54,admin.,married,secondary,no,0,no,no,cellular,jan,98,2,failure,Yes,0.025,No,No,No
410,49,management,married,tertiary,no,322,no,no,cellular,aug,-1,0,unknown_outcome,No,0.095,No,No,No
411,34,blue-collar,single,secondary,no,186,no,no,cellular,feb,-1,0,unknown_outcome,No,0.105,No,No,No
412,75,retired,divorced,tertiary,no,3810,yes,no,cellular,nov,183,1,failure,Yes,0.0,No,No,No
413,42,management,married,tertiary,no,0,no,no,cellular,aug,-1,0,unknown_outcome,No,0.155,No,Yes,No
414,53,blue-collar,married,secondary,no,4380,no,no,telephone,aug,-1,0,unknown_outcome,No,0.33,No,Yes,No
415,49,management,divorced,tertiary,no,755,no,no,cellular,jul,-1,0,unknown_outcome,Yes,0.12,No,Yes,No
416,31,services,single,secondary,no,2070,no,no,cellular,aug,-1,0,unknown_outcome,No,0.175,No,Yes,No
417,45,blue-collar,single,primary,no,999,no,no,cellular,jan,-1,0,unknown_outcome,No,0.08,No,No,No
418,39,self-employed,married,secondary,no,167,yes,yes,cellular,jul,-1,0,unknown_outcome,No,0.05,No,No,No
419,46,technician,married,secondary,no,1322,yes,yes,cellular,nov,-1,0,unknown_outcome,No,0.14,No,Yes,No
420,42,admin.,divorced,secondary,no,1076,yes,no,unspecified,may,-1,0,unknown_outcome,No,0.415,No,Yes,Yes
421,37,management,married,tertiary,no,502,yes,no,cellular,may,351,1,failure,No,0.32,No,Yes,No
422,26,technician,single,tertiary,no,1216,yes,no,cellular,apr,-1,0,unknown_outcome,No,0.165,No,Yes,No
423,37,management,single,tertiary,no,876,yes,no,cellular,apr,327,2,failure,No,0.275,No,Yes,No
424,36,services,single,secondary,no,342,yes,no,unspecified,may,-1,0,unknown_outcome,No,0.29,No,Yes,No
425,29,blue-collar,single,primary,no,950,yes,no,unspecified,jun,-1,0,unknown_outcome,No,0.29,No,Yes,No
426,36,blue-collar,married,primary,no,973,yes,yes,unspecified,may,-1,0,unknown_outcome,No,0.045,No,No,No
427,26,technician,married,tertiary,no,3825,yes,no,unspecified,may,-1,0,unknown_outcome,No,0.42,No,Yes,Yes
428,32,blue-collar,married,secondary,no,2366,yes,no,unspecified,may,-1,0,unknown_outcome,No,0.225,No,Yes,No
429,40,management,married,tertiary,no,542,yes,no,cellular,nov,-1,0,unknown_outcome,No,0.125,No,Yes,No
430,53,management,married,primary,no,995,no,no,cellular,feb,-1,0,unknown_outcome,No,0.105,No,No,No
431,29,management,married,tertiary,no,20,yes,no,cellular,may,-1,0,unknown_outcome,No,0.01,No,No,No
432,34,technician,single,tertiary,no,228,yes,no,cellular,jul,-1,0,unknown_outcome,No,0.16,No,Yes,No
433,43,blue-collar,married,secondary,no,130,no,no,cellular,may,337,3,failure,No,0.9,Yes,Yes,Yes
434,56,management,married,tertiary,no,217,no,yes,cellular,jul,-1,0,unknown_outcome,No,0.015,No,No,No
435,55,entrepreneur,divorced,tertiary,no,0,no,no,unspecified,jun,-1,0,unknown_outcome,No,0.345,No,Yes,No
436,31,self-employed,married,tertiary,no,259,yes,no,cellular,may,-1,0,unknown_outcome,No,0.105,No,No,No
437,27,admin.,single,secondary,no,619,yes,no,cellular,apr,322,4,other,No,0.095,No,No,No
438,36,management,married,secondary,no,644,yes,no,cellular,nov,-1,0,unknown_outcome,No,0.135,No,Yes,No
439,44,management,married,tertiary,no,22,yes,no,cellular,aug,-1,0,unknown_outcome,No,0.02,No,No,No
440,37,admin.,divorced,tertiary,no,4303,yes,no,unspecified,may,-1,0,unknown_outcome,No,0.03,No,No,No
441,30,admin.,single,secondary,no,239,yes,no,cellular,may,-1,0,unknown_outcome,No,0.115,No,No,No
442,42,technician,single,secondary,no,275,no,no,cellular,aug,-1,0,unknown_outcome,No,0.23,No,Yes,No
443,30,management,married,tertiary,no,1221,yes,no,telephone,jul,-1,0,unknown_outcome,Yes,0.235,No,Yes,No
444,62,retired,married,secondary,no,816,no,no,cellular,sep,-1,0,unknown_outcome,No,0.04,No,No,No
445,24,blue-collar,married,secondary,no,1222,yes,no,cellular,apr,-1,0,unknown_outcome,No,0.465,No,Yes,Yes
446,31,technician,married,secondary,no,2363,yes,no,unspecified,may,-1,0,unknown_outcome,No,0.075,No,No,No
447,66,retired,married,tertiary,no,2262,no,no,cellular,apr,-1,0,unknown_outcome,No,0.145,No,Yes,No
448,47,admin.,married,secondary,no,2,no,no,cellular,jul,-1,0,unknown_outcome,No,0.28,No,Yes,No
449,39,entrepreneur,married,tertiary,no,2,yes,no,cellular,nov,-1,0,unknown_outcome,No,0.095,No,No,No
450,35,technician,married,secondary,no,4508,yes,no,cellular,nov,-1,0,unknown_outcome,Yes,0.32,No,Yes,No
451,35,admin.,divorced,secondary,no,-402,yes,no,cellular,apr,-1,0,unknown_outcome,No,0.25,No,Yes,No
452,27,technician,married,secondary,no,1577,yes,yes,unspecified,may,-1,0,unknown_outcome,No,0.055,No,No,No
453,32,blue-collar,married,secondary,no,34,yes,no,cellular,may,-1,0,unknown_outcome,No,0.03,No,No,No
454,44,management,married,tertiary,no,795,no,no,cellular,aug,-1,0,unknown_outcome,No,0.01,No,No,No
455,42,blue-collar,married,secondary,no,117,yes,no,unspecified,may,-1,0,unknown_outcome,No,0.07,No,No,No
456,34,self-employed,single,tertiary,no,5462,no,no,cellular,apr,-1,0,unknown_outcome,Yes,0.025,No,No,No
457,25,services,single,secondary,no,402,no,yes,cellular,jul,-1,0,unknown_outcome,No,0.15,No,Yes,No
458,40,technician,single,secondary,no,641,no,no,cellular,jul,-1,0,unknown_outcome,No,0.0,No,No,No
459,43,management,divorced,tertiary,no,36,no,no,cellular,may,102,2,failure,No,0.13,No,Yes,No
460,55,unemployed,married,tertiary,no,383,no,no,unspecified,may,-1,0,unknown_outcome,No,0.52,No,Yes,Yes
461,50,blue-collar,married,secondary,no,283,yes,no,cellular,aug,-1,0,unknown_outcome,No,0.305,No,Yes,No
462,45,management,divorced,tertiary,no,0,no,no,unspecified,jun,-1,0,unknown_outcome,No,0.085,No,No,No
463,35,blue-collar,divorced,secondary,no,3102,yes,no,cellular,nov,-1,0,unknown_outcome,No,0.43,No,Yes,Yes
464,32,blue-collar,married,secondary,no,889,yes,no,cellular,sep,99,5,success,Yes,0.13,No,Yes,No
465,59,housemaid,married,secondary,no,0,no,no,telephone,feb,99,4,failure,No,0.295,No,Yes,No
466,34,self-employed,married,secondary,no,-370,yes,no,unspecified,may,-1,0,unknown_outcome,No,0.08,No,No,No
467,39,management,married,tertiary,no,-606,yes,no,unspecified,may,-1,0,unknown_outcome,No,0.12,No,Yes,No
468,40,management,single,secondary,no,10378,yes,no,cellular,nov,-1,0,unknown_outcome,No,0.27,No,Yes,No
469,36,blue-collar,single,primary,no,1313,yes,no,unspecified,jun,-1,0,unknown_outcome,No,0.305,No,Yes,No
470,40,management,married,tertiary,no,8969,yes,no,cellular,nov,-1,0,unknown_outcome,No,0.23,No,Yes,No
471,55,self-employed,married,secondary,no,-196,yes,no,unspecified,may,-1,0,unknown_outcome,No,0.13,No,Yes,No
472,38,entrepreneur,married,secondary,yes,15,yes,no,cellular,jul,-1,0,unknown_outcome,No,0.255,No,Yes,No
473,61,admin.,married,secondary,no,4608,no,no,cellular,mar,-1,0,unknown_outcome,Yes,0.165,No,Yes,No
474,41,management,married,tertiary,no,666,yes,no,unspecified,may,-1,0,unknown_outcome,No,0.065,No,No,No
475,57,blue-collar,married,primary,no,452,yes,no,unspecified,may,-1,0,unknown_outcome,No,0.025,No,No,No
476,48,blue-collar,married,secondary,no,149,yes,no,unspecified,may,-1,0,unknown_outcome,No,0.77,Yes,Yes,Yes
477,77,retired,married,tertiary,no,7802,no,no,telephone,may,92,2,success,Yes,0.16,No,Yes,No
478,35,services,married,secondary,no,1453,yes,no,unspecified,may,-1,0,unknown_outcome,No,0.02,No,No,No
479,54,blue-collar,married,secondary,no,1480,yes,no,unspecified,may,-1,0,unknown_outcome,No,0.07,No,No,No
480,37,management,single,tertiary,no,715,yes,no,unspecified,may,-1,0,unknown_outcome,No,0.33,No,Yes,No
481,56,management,single,secondary,no,237,yes,no,telephone,jul,-1,0,unknown_outcome,No,0.27,No,Yes,No
482,40,technician,married,secondary,no,694,yes,no,cellular,feb,196,5,failure,No,0.07,No,No,No
483,40,management,married,tertiary,no,0,no,no,cellular,jul,-1,0,unknown_outcome,No,0.395,No,Yes,No
484,54,management,married,tertiary,no,55,yes,no,cellular,jun,-1,0,unknown_outcome,No,0.105,No,No,No
485,55,housemaid,married,primary,no,136,yes,no,unspecified,jun,-1,0,unknown_outcome,No,0.065,No,No,No
486,55,services,divorced,secondary,yes,-404,yes,no,cellular,jul,-1,0,unknown_outcome,No,0.185,No,Yes,No
487,52,blue-collar,married,primary,no,779,yes,no,unspecified,may,-1,0,unknown_outcome,No,0.32,No,Yes,No
488,55,blue-collar,single,primary,no,1187,yes,no,unspecified,jun,-1,0,unknown_outcome,No,0.05,No,No,No
489,33,management,married,tertiary,no,641,yes,no,cellular,aug,-1,0,unknown_outcome,No,0.035,No,No,No
490,52,blue-collar,married,secondary,no,826,yes,no,unspecified,may,-1,0,unknown_outcome,No,0.22,No,Yes,No
491,33,services,divorced,secondary,no,991,yes,no,unspecified,may,-1,0,unknown_outcome,No,0.39,No,Yes,No
492,53,admin.,married,secondary,no,1796,no,no,telephone,mar,91,2,success,Yes,0.015,No,No,No
493,46,admin.,married,secondary,no,22,no,no,cellular,aug,-1,0,unknown_outcome,Yes,0.41,No,Yes,Yes
494,44,technician,single,secondary,no,244,yes,no,cellular,aug,-1,0,unknown_outcome,Yes,0.06,No,No,No
495,48,management,divorced,tertiary,no,1328,yes,no,unspecified,may,-1,0,unknown_outcome,No,0.295,No,Yes,No
496,50,housemaid,married,secondary,no,7317,yes,no,cellular,may,370,1,failure,No,0.14,No,Yes,No
497,34,technician,single,secondary,no,4943,yes,yes,cellular,nov,-1,0,unknown_outcome,No,0.03,No,No,No
498,38,technician,single,secondary,no,258,no,yes,unspecified,jun,-1,0,unknown_outcome,No,0.725,No,Yes,Yes
499,42,management,single,tertiary,no,515,yes,no,cellular,nov,-1,0,unknown_outcome,No,0.015,No,No,No
500,32,management,single,tertiary,no,12607,no,no,cellular,aug,84,1,failure,No,0.255,No,Yes,No
501,58,admin.,married,secondary,no,2,yes,yes,telephone,jul,-1,0,unknown_outcome,No,0.43,No,Yes,Yes
502,31,management,married,tertiary,no,13,no,no,cellular,aug,-1,0,unknown_outcome,No,0.135,No,Yes,No
503,19,student,single,primary,no,103,no,no,cellular,jul,-1,0,unknown_outcome,Yes,0.345,No,Yes,No
504,41,management,married,tertiary,no,3872,no,no,cellular,oct,-1,0,unknown_outcome,No,0.45,No,Yes,Yes
505,31,unemployed,married,secondary,no,296,yes,no,unspecified,may,-1,0,unknown_outcome,No,0.05,No,No,No
506,52,self-employed,single,primary,no,217,no,yes,cellular,jul,-1,0,unknown_outcome,No,0.175,No,Yes,No
507,42,self-employed,divorced,tertiary,no,360,yes,no,unspecified,jun,-1,0,unknown_outcome,No,0.915,Yes,Yes,Yes
508,41,blue-collar,single,secondary,no,428,yes,no,cellular,may,-1,0,unknown_outcome,No,0.03,No,No,No
509,30,blue-collar,single,secondary,no,315,no,no,cellular,jun,-1,0,unknown_outcome,Yes,0.375,No,Yes,No
510,38,blue-collar,married,secondary,no,121,yes,yes,cellular,feb,212,2,failure,No,0.01,No,No,No
511,32,management,married,tertiary,no,820,yes,no,cellular,jul,-1,0,unknown_outcome,No,0.085,No,No,No
512,52,technician,married,secondary,no,195,yes,no,cellular,feb,63,5,failure,Yes,0.105,No,No,No
513,48,management,divorced,tertiary,no,108,yes,no,unspecified,may,-1,0,unknown_outcome,No,0.23,No,Yes,No
514,36,management,married,tertiary,no,-381,yes,no,cellular,jul,-1,0,unknown_outcome,No,0.095,No,No,No
515,45,unemployed,divorced,primary,no,757,no,no,cellular,apr,325,4,failure,No,0.39,No,Yes,No
516,34,technician,married,tertiary,no,691,yes,yes,unspecified,jun,-1,0,unknown_outcome,No,0.165,No,Yes,No
517,36,blue-collar,married,primary,no,1925,yes,no,cellular,apr,-1,0,unknown_outcome,Yes,0.045,No,No,No
518,34,management,married,tertiary,no,902,yes,no,cellular,may,367,2,other,No,0.255,No,Yes,No
519,61,retired,married,secondary,no,5207,no,no,cellular,sep,81,2,other,No,0.095,No,No,No
520,54,services,married,secondary,no,0,no,no,unspecified,jun,-1,0,unknown_outcome,No,0.025,No,No,No
521,50,entrepreneur,married,secondary,no,665,no,no,telephone,nov,-1,0,unknown_outcome,No,0.635,No,Yes,Yes
522,43,admin.,divorced,secondary,no,738,yes,no,cellular,nov,191,4,failure,No,0.045,No,No,No
523,47,blue-collar,married,primary,no,233,no,no,cellular,aug,-1,0,unknown_outcome,No,0.925,Yes,Yes,Yes
524,45,services,married,secondary,no,-839,yes,no,unspecified,may,-1,0,unknown_outcome,No,0.05,No,No,No
525,57,retired,married,primary,no,5799,no,no,unspecified,jun,-1,0,unknown_outcome,No,0.02,No,No,No
526,27,admin.,married,secondary,no,1033,yes,no,unspecified,may,-1,0,unknown_outcome,No,0.02,No,No,No
527,49,unemployed,divorced,secondary,no,66,no,no,cellular,jul,-1,0,unknown_outcome,No,0.04,No,No,No
528,43,services,married,primary,no,2567,yes,no,cellular,may,360,2,failure,No,0.04,No,No,No
529,40,management,married,tertiary,no,1584,yes,no,telephone,nov,-1,0,unknown_outcome,No,0.03,No,No,No
530,32,services,single,secondary,no,182,yes,no,cellular,may,-1,0,unknown_outcome,No,0.13,No,Yes,No
531,58,management,married,primary,no,76,yes,no,telephone,may,-1,0,unknown_outcome,No,0.1,No,No,No
532,34,admin.,single,secondary,no,663,yes,no,cellular,apr,-1,0,unknown_outcome,No,0.265,No,Yes,No
533,46,technician,divorced,secondary,no,3455,yes,no,unspecified,may,-1,0,unknown_outcome,No,0.21,No,Yes,No
534,29,blue-collar,married,secondary,no,15,no,no,cellular,jun,-1,0,unknown_outcome,No,0.17,No,Yes,No
535,52,blue-collar,married,primary,no,1054,no,no,cellular,aug,-1,0,unknown_outcome,No,0.195,No,Yes,No
536,45,management,married,tertiary,no,1529,no,no,cellular,jun,-1,0,unknown_outcome,No,0.245,No,Yes,No
537,26,management,single,secondary,no,63,no,no,cellular,jul,-1,0,unknown_outcome,No,0.07,No,No,No
538,40,technician,married,tertiary,no,0,no,no,cellular,aug,-1,0,unknown_outcome,No,0.125,No,Yes,No
539,41,admin.,married,secondary,no,920,yes,yes,unspecified,may,-1,0,unknown_outcome,No,0.31,No,Yes,No
540,47,admin.,single,secondary,no,3696,no,no,cellular,jul,181,4,success,Yes,0.12,No,Yes,No
541,27,technician,single,secondary,no,59,no,no,cellular,jul,-1,0,unknown_outcome,No,0.59,No,Yes,Yes
542,27,services,married,secondary,no,0,yes,no,cellular,jul,-1,0,unknown_outcome,No,0.145,No,Yes,No
543,48,blue-collar,married,secondary,no,157,yes,no,unspecified,may,-1,0,unknown_outcome,No,0.46,No,Yes,Yes
544,49,admin.,married,secondary,no,2465,no,no,cellular,aug,-1,0,unknown_outcome,No,0.205,No,Yes,No
545,35,blue-collar,married,primary,no,0,yes,no,cellular,jul,-1,0,unknown_outcome,No,0.555,No,Yes,Yes
546,47,self-employed,married,secondary,yes,2,no,no,cellular,feb,-1,0,unknown_outcome,No,0.34,No,Yes,No
547,54,management,married,tertiary,no,0,no,no,cellular,jul,-1,0,unknown_outcome,No,0.8,Yes,Yes,Yes
548,39,management,single,tertiary,no,12437,no,no,telephone,nov,-1,0,unknown_outcome,No,0.32,No,Yes,No
549,28,student,single,secondary,no,378,yes,no,cellular,apr,-1,0,unknown_outcome,No,0.03,No,No,No
550,54,blue-collar,married,primary,no,211,no,no,unspecified,jun,-1,0,unknown_outcome,No,0.17,No,Yes,No
551,34,technician,married,secondary,no,-228,yes,no,cellular,apr,332,3,other,No,0.125,No,Yes,No
552,63,retired,married,secondary,no,2747,no,no,cellular,sep,80,1,failure,No,0.12,No,Yes,No
553,42,self-employed,married,tertiary,no,1932,yes,no,unspecified,may,-1,0,unknown_outcome,No,0.06,No,No,No
554,43,technician,single,secondary,no,11269,no,no,unspecified,may,-1,0,unknown_outcome,No,0.045,No,No,No
555,37,admin.,married,secondary,no,1314,yes,no,cellular,may,85,7,success,No,0.155,No,Yes,No
556,55,blue-collar,married,primary,no,2275,no,no,cellular,aug,-1,0,unknown_outcome,No,0.7,No,Yes,Yes
557,43,management,single,tertiary,no,1304,no,no,cellular,aug,-1,0,unknown_outcome,Yes,0.145,No,Yes,No
558,41,blue-collar,married,secondary,yes,720,no,yes,cellular,jul,-1,0,unknown_outcome,Yes,0.915,Yes,Yes,Yes
559,47,technician,divorced,secondary,no,2914,yes,no,cellular,aug,-1,0,unknown_outcome,No,0.05,No,No,No
560,34,technician,married,secondary,no,1464,yes,no,unspecified,may,-1,0,unknown_outcome,No,0.075,No,No,No
561,28,student,single,secondary,no,11555,no,no,cellular,apr,-1,0,unknown_outcome,No,0.055,No,No,No
562,36,services,married,secondary,no,-302,yes,no,cellular,may,-1,0,unknown_outcome,No,0.38,No,Yes,No
563,50,technician,married,secondary,no,2497,yes,no,cellular,nov,176,1,failure,No,0.825,Yes,Yes,Yes
564,35,blue-collar,married,secondary,no,-339,yes,no,unspecified,may,-1,0,unknown_outcome,No,0.17,No,Yes,No
565,40,technician,married,secondary,no,56,yes,yes,cellular,jan,247,1,failure,No,0.05,No,No,No
566,26,self-employed,single,tertiary,no,211,no,no,cellular,jan,-1,0,unknown_outcome,No,0.35,No,Yes,No
567,36,management,divorced,tertiary,no,3611,yes,no,unspecified,jun,-1,0,unknown_outcome,No,0.025,No,No,No
568,59,unemployed,married,primary,no,0,no,no,cellular,jan,-1,0,unknown_outcome,No,0.025,No,No,No
569,28,student,single,secondary,no,459,no,no,cellular,mar,-1,0,unknown_outcome,No,0.025,No,No,No
570,46,entrepreneur,married,tertiary,no,242,yes,no,unspecified,may,-1,0,unknown_outcome,No,0.065,No,No,No
571,50,self-employed,married,secondary,no,1138,no,no,cellular,aug,-1,0,unknown_outcome,No,0.045,No,No,No
572,53,management,married,tertiary,no,1319,yes,no,cellular,apr,150,1,failure,No,0.02,No,No,No
573,81,retired,married,secondary,no,1,no,no,cellular,aug,-1,0,unknown_outcome,No,0.175,No,Yes,No
574,35,services,divorced,secondary,no,67,yes,no,cellular,may,-1,0,unknown_outcome,No,0.2,No,Yes,No
575,58,retired,married,secondary,no,937,no,no,cellular,aug,-1,0,unknown_outcome,No,0.425,No,Yes,Yes
576,44,services,married,secondary,no,0,yes,yes,cellular,may,-1,0,unknown_outcome,No,0.435,No,Yes,Yes
577,38,management,married,tertiary,no,-558,yes,no,cellular,jul,-1,0,unknown_outcome,No,0.47,No,Yes,Yes
578,49,blue-collar,married,secondary,no,171,no,no,cellular,feb,175,2,other,No,0.39,No,Yes,No
579,33,technician,single,tertiary,no,696,no,yes,cellular,feb,176,8,failure,No,0.08,No,No,No
580,29,management,married,tertiary,no,361,yes,yes,cellular,jul,-1,0,unknown_outcome,No,0.315,No,Yes,No
581,28,technician,single,secondary,no,227,no,no,cellular,apr,-1,0,unknown_outcome,Yes,0.31,No,Yes,No
582,31,admin.,married,secondary,no,236,yes,yes,telephone,may,-1,0,unknown_outcome,No,0.25,No,Yes,No
583,33,management,single,tertiary,no,-53,no,no,cellular,jan,-1,0,unknown_outcome,No,0.335,No,Yes,No
584,52,technician,married,secondary,no,192,yes,no,cellular,jul,-1,0,unknown_outcome,No,0.25,No,Yes,No
585,43,management,divorced,tertiary,no,38,yes,no,cellular,jul,-1,0,unknown_outcome,No,0.055,No,No,No
586,32,self-employed,single,secondary,no,518,yes,no,cellular,may,-1,0,unknown_outcome,No,0.425,No,Yes,Yes
587,36,self-employed,married,tertiary,no,16,yes,yes,cellular,jul,-1,0,unknown_outcome,No,0.15,No,Yes,No
588,41,blue-collar,married,secondary,no,-256,yes,no,unspecified,jun,-1,0,unknown_outcome,No,0.22,No,Yes,No
589,43,blue-collar,married,secondary,no,105,no,yes,cellular,jul,-1,0,unknown_outcome,No,0.02,No,No,No
590,45,self-employed,married,tertiary,no,334,no,no,unspecified,jun,-1,0,unknown_outcome,No,0.145,No,Yes,No
591,39,technician,married,secondary,no,1048,no,yes,cellular,jul,-1,0,unknown_outcome,No,0.28,No,Yes,No
592,41,services,married,secondary,no,108,yes,yes,unspecified,may,-1,0,unknown_outcome,No,0.29,No,Yes,No
593,31,technician,married,secondary,no,660,no,no,cellular,jun,-1,0,unknown_outcome,No,0.31,No,Yes,No
594,37,unemployed,single,tertiary,yes,0,yes,no,cellular,jul,-1,0,unknown_outcome,No,0.095,No,No,No
595,28,entrepreneur,married,tertiary,no,1034,no,no,cellular,jan,-1,0,unknown_outcome,No,0.07,No,No,No
596,47,housemaid,married,primary,no,201,yes,no,cellular,aug,382,1,failure,No,0.085,No,No,No
597,37,housemaid,married,primary,no,189,no,no,cellular,aug,-1,0,unknown_outcome,No,0.005,No,No,No
598,60,retired,divorced,secondary,no,-49,yes,no,cellular,jan,261,2,failure,No,0.105,No,No,No
599,43,technician,divorced,secondary,no,1413,yes,no,telephone,jul,-1,0,unknown_outcome,No,0.205,No,Yes,No
600,58,retired,divorced,tertiary,no,264,yes,yes,cellular,jul,-1,0,unknown_outcome,No,0.335,No,Yes,No
601,52,entrepreneur,married,tertiary,no,54,yes,yes,telephone,nov,-1,0,unknown_outcome,No,0.41,No,Yes,Yes
602,50,blue-collar,married,primary,no,12519,yes,no,cellular,apr,147,4,success,No,0.04,No,No,No
603,32,services,single,secondary,no,2881,no,no,cellular,jul,-1,0,unknown_outcome,Yes,0.105,No,No,No
604,42,blue-collar,married,primary,no,0,yes,no,cellular,jul,-1,0,unknown_outcome,No,0.15,No,Yes,No
605,31,admin.,married,secondary,no,88,yes,yes,cellular,aug,-1,0,unknown_outcome,No,0.255,No,Yes,No
606,28,blue-collar,married,secondary,no,1020,yes,no,unspecified,may,-1,0,unknown_outcome,No,0.205,No,Yes,No
607,36,technician,divorced,tertiary,no,119,no,no,cellular,jul,-1,0,unknown_outcome,No,0.21,No,Yes,No
608,51,unemployed,single,tertiary,no,1594,no,no,telephone,feb,-1,0,unknown_outcome,No,0.58,No,Yes,Yes
609,46,technician,married,tertiary,no,342,yes,yes,cellular,may,-1,0,unknown_outcome,No,0.44,No,Yes,Yes
610,50,services,single,secondary,no,72,no,no,unspecified,may,-1,0,unknown_outcome,No,0.055,No,No,No
611,32,blue-collar,married,secondary,no,14,yes,no,unspecified,jun,-1,0,unknown_outcome,No,0.45,No,Yes,Yes
612,26,entrepreneur,single,tertiary,no,81,no,no,cellular,jul,-1,0,unknown_outcome,No,0.05,No,No,No
613,41,self-employed,married,tertiary,no,231,no,no,cellular,aug,-1,0,unknown_outcome,Yes,0.145,No,Yes,No
614,39,technician,married,tertiary,no,1161,yes,no,cellular,apr,336,1,failure,No,0.22,No,Yes,No
615,31,blue-collar,married,secondary,no,-45,yes,no,unspecified,jun,-1,0,unknown_outcome,No,0.49,No,Yes,Yes
616,28,management,single,tertiary,no,231,yes,yes,cellular,jul,-1,0,unknown_outcome,No,0.055,No,No,No
617,31,management,single,secondary,no,36,no,no,cellular,aug,-1,0,unknown_outcome,No,0.025,No,No,No
618,30,technician,married,tertiary,no,1570,yes,no,cellular,may,-1,0,unknown_outcome,No,0.04,No,No,No
619,35,technician,married,tertiary,no,7050,no,no,cellular,aug,182,4,success,Yes,0.335,No,Yes,No
620,33,blue-collar,married,primary,no,3704,yes,no,unspecified,jun,-1,0,unknown_outcome,No,0.175,No,Yes,No
621,30,technician,single,tertiary,no,6619,yes,no,cellular,aug,-1,0,unknown_outcome,No,0.78,Yes,Yes,Yes
622,32,blue-collar,single,secondary,no,-84,yes,no,cellular,may,-1,0,unknown_outcome,No,0.245,No,Yes,No
623,40,management,single,tertiary,no,1509,no,no,cellular,may,58,3,failure,No,0.125,No,Yes,No
624,31,self-employed,married,tertiary,no,1134,no,no,cellular,feb,-1,0,unknown_outcome,No,0.03,No,No,No
625,36,technician,married,secondary,no,146,yes,yes,unspecified,may,-1,0,unknown_outcome,No,0.275,No,Yes,No
626,33,management,single,tertiary,no,9449,yes,no,cellular,may,-1,0,unknown_outcome,No,0.04,No,No,No
627,57,retired,married,secondary,no,374,yes,yes,cellular,jul,-1,0,unknown_outcome,No,0.075,No,No,No
628,45,technician,married,secondary,no,88,no,no,cellular,aug,-1,0,unknown_outcome,No,0.025,No,No,No
629,59,management,married,tertiary,no,2764,no,no,cellular,dec,206,2,failure,No,0.065,No,No,No
630,30,management,single,tertiary,no,2,yes,yes,cellular,jul,-1,0,unknown_outcome,Yes,0.045,No,No,No
631,33,technician,married,tertiary,no,8023,no,no,cellular,nov,105,3,failure,No,0.145,No,Yes,No
632,52,blue-collar,married,secondary,no,289,yes,no,unspecified,may,-1,0,unknown_outcome,No,0.21,No,Yes,No
633,83,retired,married,secondary,no,0,no,no,cellular,mar,-1,0,unknown_outcome,No,0.215,No,Yes,No
634,58,self-employed,divorced,tertiary,no,1382,no,no,unspecified,jun,-1,0,unknown_outcome,Yes,0.15,No,Yes,No
635,33,management,divorced,tertiary,yes,280,no,yes,cellular,nov,-1,0,unknown_outcome,No,0.115,No,No,No
636,41,blue-collar,divorced,primary,no,2195,yes,no,unspecified,jun,-1,0,unknown_outcome,No,0.13,No,Yes,No
637,31,self-employed,married,secondary,no,33,no,no,cellular,aug,-1,0,unknown_outcome,No,0.295,No,Yes,No
638,35,blue-collar,divorced,secondary,no,275,no,yes,cellular,jul,-1,0,unknown_outcome,No,0.155,No,Yes,No
639,27,management,single,tertiary,no,703,yes,no,unspecified,jun,-1,0,unknown_outcome,Yes,0.295,No,Yes,No
640,57,admin.,divorced,secondary,no,887,no,no,unspecified,jun,-1,0,unknown_outcome,No,0.11,No,No,No
641,56,management,married,tertiary,no,0,no,no,unspecified,jun,-1,0,unknown_outcome,No,0.215,No,Yes,No
642,53,admin.,single,secondary,no,1178,yes,no,unspecified,may,-1,0,unknown_outcome,No,0.735,No,Yes,Yes
643,39,management,married,tertiary,no,2763,yes,no,unspecified,jun,-1,0,unknown_outcome,Yes,0.02,No,No,No
644,32,entrepreneur,single,tertiary,no,890,yes,yes,cellular,aug,-1,0,unknown_outcome,No,0.145,No,Yes,No
645,46,self-employed,married,secondary,no,548,no,no,cellular,aug,-1,0,unknown_outcome,Yes,0.23,No,Yes,No
646,56,technician,married,tertiary,no,272,no,no,cellular,aug,-1,0,unknown_outcome,No,0.22,No,Yes,No
647,46,management,divorced,tertiary,no,6269,yes,no,telephone,nov,112,2,failure,No,0.66,No,Yes,Yes
648,29,entrepreneur,married,secondary,no,178,yes,no,cellular,may,-1,0,unknown_outcome,No,0.335,No,Yes,No
649,60,management,married,primary,no,252,yes,yes,cellular,apr,147,3,failure,No,0.04,No,No,No
650,33,housemaid,single,tertiary,no,23663,yes,no,cellular,apr,146,2,failure,No,0.225,No,Yes,No
651,27,entrepreneur,single,tertiary,no,81,no,no,cellular,feb,199,3,failure,No,0.16,No,Yes,No
652,50,self-employed,divorced,tertiary,no,59,yes,no,unspecified,may,-1,0,unknown_outcome,No,0.225,No,Yes,No
653,45,services,married,secondary,no,1343,no,yes,cellular,jul,-1,0,unknown_outcome,No,0.915,Yes,Yes,Yes
654,58,retired,married,secondary,no,225,no,no,cellular,aug,-1,0,unknown_outcome,No,0.37,No,Yes,No
655,59,retired,married,primary,no,0,yes,no,unspecified,may,-1,0,unknown_outcome,No,0.095,No,No,No
656,58,retired,divorced,primary,no,2538,yes,no,cellular,jul,-1,0,unknown_outcome,No,0.54,No,Yes,Yes
657,64,retired,married,primary,no,43,no,no,cellular,mar,91,1,success,No,0.035,No,No,No
658,47,technician,married,secondary,no,57,no,no,cellular,may,342,1,success,No,0.395,No,Yes,No
659,40,management,married,tertiary,no,-117,yes,no,cellular,jul,-1,0,unknown_outcome,No,0.12,No,Yes,No
660,36,technician,divorced,secondary,no,666,yes,yes,cellular,apr,133,1,other,No,0.285,No,Yes,No
661,28,management,single,tertiary,no,0,yes,no,cellular,jul,-1,0,unknown_outcome,Yes,0.06,No,No,No
662,38,technician,single,tertiary,no,25,yes,no,cellular,jun,-1,0,unknown_outcome,Yes,0.065,No,No,No
663,53,entrepreneur,married,primary,no,1034,yes,no,cellular,nov,170,3,other,No,0.025,No,No,No
664,46,blue-collar,single,secondary,no,324,yes,no,unspecified,may,-1,0,unknown_outcome,No,0.15,No,Yes,No
665,54,technician,married,secondary,no,0,no,no,telephone,nov,94,8,failure,No,0.1,No,No,No
666,32,management,married,tertiary,no,0,no,no,cellular,nov,-1,0,unknown_outcome,No,0.175,No,Yes,No
667,55,management,married,primary,no,621,no,yes,cellular,feb,208,1,failure,No,0.11,No,No,No
668,55,retired,divorced,secondary,no,138,no,no,cellular,jul,-1,0,unknown_outcome,No,0.23,No,Yes,No
669,56,technician,married,secondary,no,4063,no,yes,telephone,jul,-1,0,unknown_outcome,No,0.11,No,No,No
670,40,blue-collar,married,secondary,no,11084,no,no,unspecified,jun,-1,0,unknown_outcome,No,0.125,No,Yes,No
671,44,technician,married,secondary,no,310,yes,no,cellular,feb,253,1,failure,No,0.335,No,Yes,No
672,32,entrepreneur,married,tertiary,no,73,yes,no,cellular,nov,135,1,failure,No,0.43,No,Yes,Yes
673,33,management,married,tertiary,no,1808,yes,no,unspecified,jun,-1,0,unknown_outcome,No,0.405,No,Yes,Yes
674,41,unemployed,divorced,secondary,no,1281,no,no,cellular,jul,-1,0,unknown_outcome,No,0.185,No,Yes,No
675,37,technician,married,secondary,no,64,yes,no,cellular,may,278,2,other,No,0.07,No,No,No
676,58,management,single,tertiary,no,2,yes,no,telephone,may,-1,0,unknown_outcome,No,0.02,No,No,No
677,52,blue-collar,married,secondary,no,60,no,yes,cellular,aug,-1,0,unknown_outcome,No,0.045,No,No,No
678,49,services,single,secondary,no,133,no,no,unspecified,jun,-1,0,unknown_outcome,No,0.555,No,Yes,Yes
679,44,housemaid,married,primary,no,3706,no,no,unspecified,jun,-1,0,unknown_outcome,No,0.165,No,Yes,No
680,28,admin.,single,secondary,no,174,no,no,cellular,sep,-1,0,unknown_outcome,No,0.07,No,No,No
681,31,technician,married,secondary,no,251,no,yes,cellular,aug,-1,0,unknown_outcome,No,0.17,No,Yes,No
682,37,self-employed,married,secondary,no,4153,yes,no,cellular,jul,-1,0,unknown_outcome,No,0.035,No,No,No
683,30,technician,single,tertiary,no,985,yes,no,cellular,feb,-1,0,unknown_outcome,No,0.24,No,Yes,No
684,28,services,single,secondary,no,168,no,no,cellular,jun,140,2,success,Yes,0.045,No,No,No
685,46,services,married,secondary,no,1550,yes,no,cellular,apr,149,8,failure,No,0.275,No,Yes,No
686,47,management,married,tertiary,no,7708,yes,no,cellular,nov,-1,0,unknown_outcome,No,0.545,No,Yes,Yes
687,35,blue-collar,married,primary,no,-12,yes,no,unspecified,may,-1,0,unknown_outcome,No,0.43,No,Yes,Yes
688,80,management,married,primary,no,6483,no,no,telephone,oct,-1,0,unknown_outcome,No,0.36,No,Yes,No
689,30,technician,single,tertiary,no,60,yes,yes,unspecified,may,-1,0,unknown_outcome,No,0.085,No,No,No
690,55,technician,single,secondary,no,3339,yes,no,unspecified,jun,-1,0,unknown_outcome,No,0.15,No,Yes,No
691,22,student,single,tertiary,no,1161,no,yes,cellular,jun,-1,0,unknown_outcome,No,0.045,No,No,No
692,33,blue-collar,single,primary,no,599,yes,no,unspecified,may,-1,0,unknown_outcome,No,0.295,No,Yes,No
693,53,entrepreneur,married,tertiary,no,28,no,no,cellular,jul,-1,0,unknown_outcome,No,0.295,No,Yes,No
694,49,management,married,tertiary,no,1430,no,no,cellular,nov,-1,0,unknown_outcome,No,0.015,No,No,No
695,51,retired,married,secondary,no,35,no,yes,cellular,jul,-1,0,unknown_outcome,No,0.46,No,Yes,Yes
696,41,self-employed,married,tertiary,no,6000,yes,no,cellular,nov,-1,0,unknown_outcome,No,0.025,No,No,No
697,34,technician,married,secondary,no,0,yes,no,cellular,jul,-1,0,unknown_outcome,No,0.165,No,Yes,No
698,36,blue-collar,single,secondary,no,340,no,yes,unspecified,jun,-1,0,unknown_outcome,No,0.025,No,No,No
699,35,entrepreneur,married,tertiary,no,0,no,no,cellular,may,168,4,failure,No,0.645,No,Yes,Yes
700,29,services,married,secondary,no,3,yes,no,cellular,jul,-1,0,unknown_outcome,No,0.625,No,Yes,Yes
701,40,technician,single,tertiary,no,445,yes,no,cellular,jul,-1,0,unknown_outcome,No,0.2,No,Yes,No
702,32,management,divorced,tertiary,no,874,no,no,cellular,aug,-1,0,unknown_outcome,Yes,0.245,No,Yes,No
703,48,blue-collar,married,secondary,no,705,no,no,unspecified,may,-1,0,unknown_outcome,No,0.045,No,No,No
704,59,retired,married,secondary,no,1033,no,no,unspecified,jun,-1,0,unknown_outcome,Yes,0.175,No,Yes,No
705,35,self-employed,divorced,tertiary,no,1354,yes,no,unspecified,may,-1,0,unknown_outcome,Yes,0.27,No,Yes,No
706,33,technician,single,tertiary,no,123,no,no,cellular,aug,-1,0,unknown_outcome,No,0.585,No,Yes,Yes
707,55,retired,married,primary,no,8894,no,no,unspecified,jun,-1,0,unknown_outcome,No,0.48,No,Yes,Yes
708,41,blue-collar,married,secondary,no,429,yes,no,unspecified,may,-1,0,unknown_outcome,No,0.06,No,No,No
709,42,housemaid,married,primary,no,14752,no,no,unspecified,may,-1,0,unknown_outcome,No,0.37,No,Yes,No
710,46,blue-collar,married,primary,no,67,no,no,unspecified,jun,-1,0,unknown_outcome,No,0.07,No,No,No
711,35,housemaid,divorced,secondary,no,39,no,no,cellular,jul,-1,0,unknown_outcome,No,0.21,No,Yes,No
712,28,technician,single,tertiary,no,102,no,no,cellular,jan,-1,0,unknown_outcome,No,0.215,No,Yes,No
713,25,student,single,secondary,no,1790,no,no,cellular,apr,322,3,failure,No,0.035,No,No,No
714,56,management,single,tertiary,no,15311,no,no,cellular,apr,-1,0,unknown_outcome,No,0.35,No,Yes,No
715,30,admin.,single,secondary,no,-635,no,no,cellular,jul,-1,0,unknown_outcome,No,0.175,No,Yes,No
716,45,blue-collar,married,secondary,no,115,no,no,cellular,aug,-1,0,unknown_outcome,No,0.235,No,Yes,No
717,40,management,married,tertiary,no,10786,no,no,unspecified,jun,-1,0,unknown_outcome,No,0.3,No,Yes,No
718,40,blue-collar,married,secondary,no,498,yes,no,cellular,may,298,4,failure,No,0.255,No,Yes,No
719,39,blue-collar,married,secondary,no,1045,yes,yes,cellular,jul,-1,0,unknown_outcome,No,0.115,No,No,No
720,48,entrepreneur,married,tertiary,no,810,no,no,unspecified,jun,-1,0,unknown_outcome,No,0.175,No,Yes,No
721,31,technician,single,tertiary,no,-162,yes,no,cellular,may,-1,0,unknown_outcome,No,0.495,No,Yes,Yes
722,32,management,married,tertiary,no,55,no,no,cellular,feb,-1,0,unknown_outcome,No,0.035,No,No,No
723,34,services,married,secondary,no,586,yes,yes,unspecified,may,-1,0,unknown_outcome,No,0.16,No,Yes,No
724,26,technician,single,secondary,no,455,no,no,cellular,jan,182,8,other,No,0.105,No,No,No
725,31,management,married,tertiary,no,1010,yes,no,cellular,may,364,9,other,No,0.13,No,Yes,No
726,37,management,single,tertiary,no,509,yes,no,cellular,may,-1,0,unknown_outcome,No,0.24,No,Yes,No
727,29,student,single,secondary,no,2929,no,no,cellular,aug,-1,0,unknown_outcome,No,0.015,No,No,No
728,57,technician,married,secondary,no,3071,yes,yes,cellular,may,-1,0,unknown_outcome,No,0.64,No,Yes,Yes
729,47,management,single,tertiary,no,153,yes,no,cellular,nov,-1,0,unknown_outcome,No,0.15,No,Yes,No
730,38,self-employed,single,secondary,no,1146,yes,no,unspecified,may,-1,0,unknown_outcome,No,0.115,No,No,No
731,48,blue-collar,married,primary,no,1092,no,yes,cellular,nov,172,8,failure,No,0.1,No,No,No
732,50,management,married,tertiary,no,3463,no,yes,cellular,oct,-1,0,unknown_outcome,Yes,0.25,No,Yes,No
733,33,admin.,married,secondary,no,1158,yes,no,cellular,apr,-1,0,unknown_outcome,No,0.03,No,No,No
734,28,admin.,single,secondary,no,26,yes,no,cellular,may,-1,0,unknown_outcome,No,0.025,No,No,No
735,30,services,single,secondary,no,566,no,no,cellular,feb,-1,0,unknown_outcome,No,0.295,No,Yes,No
736,52,technician,divorced,secondary,no,204,no,no,cellular,aug,-1,0,unknown_outcome,No,0.0,No,No,No
737,36,technician,married,secondary,no,480,no,no,cellular,oct,-1,0,unknown_outcome,Yes,0.055,No,No,No
738,36,technician,single,secondary,no,1855,yes,no,cellular,feb,273,1,failure,No,0.105,No,No,No
739,46,services,married,secondary,no,1034,no,no,cellular,aug,-1,0,unknown_outcome,No,0.205,No,Yes,No
740,57,management,married,tertiary,no,3250,no,no,cellular,aug,-1,0,unknown_outcome,No,0.13,No,Yes,No
741,28,management,single,secondary,no,1633,no,no,cellular,jun,-1,0,unknown_outcome,Yes,0.005,No,No,No
742,46,services,married,secondary,no,0,yes,no,cellular,jun,124,1,other,No,0.695,No,Yes,Yes
743,55,retired,married,primary,no,3334,no,no,cellular,aug,-1,0,unknown_outcome,Yes,0.175,No,Yes,No
744,33,management,married,tertiary,no,4020,yes,yes,cellular,apr,-1,0,unknown_outcome,No,0.145,No,Yes,No
745,53,management,married,secondary,no,66,no,yes,telephone,jul,-1,0,unknown_outcome,No,0.095,No,No,No
746,41,technician,single,secondary,no,-41,yes,yes,cellular,apr,-1,0,unknown_outcome,No,0.005,No,No,No
747,60,blue-collar,married,secondary,no,322,yes,no,cellular,may,-1,0,unknown_outcome,No,0.03,No,No,No
748,35,entrepreneur,married,primary,no,2643,no,yes,cellular,jul,-1,0,unknown_outcome,No,0.915,Yes,Yes,Yes
749,43,blue-collar,divorced,primary,no,49,yes,no,unspecified,may,-1,0,unknown_outcome,No,0.27,No,Yes,No
750,57,admin.,divorced,primary,no,1,no,no,unspecified,may,-1,0,unknown_outcome,No,0.715,No,Yes,Yes
751,46,admin.,married,secondary,no,3098,yes,no,telephone,nov,-1,0,unknown_outcome,No,0.075,No,No,No
752,31,blue-collar,married,primary,no,352,yes,no,unspecified,may,-1,0,unknown_outcome,No,0.135,No,Yes,No
753,53,technician,married,secondary,no,65,no,no,cellular,aug,-1,0,unknown_outcome,No,0.765,Yes,Yes,Yes
754,35,blue-collar,married,secondary,no,1949,yes,no,unspecified,jun,-1,0,unknown_outcome,No,0.175,No,Yes,No
755,32,admin.,single,secondary,no,739,yes,no,cellular,nov,-1,0,unknown_outcome,No,0.005,No,No,No
756,48,management,married,tertiary,no,1167,yes,yes,cellular,jun,-1,0,unknown_outcome,Yes,0.05,No,No,No
757,50,admin.,married,secondary,no,231,yes,no,cellular,nov,-1,0,unknown_outcome,No,0.075,No,No,No
758,40,blue-collar,married,primary,no,1136,yes,no,unspecified,may,-1,0,unknown_outcome,No,0.075,No,No,No
759,42,entrepreneur,married,tertiary,no,233,no,no,cellular,feb,-1,0,unknown_outcome,No,0.095,No,No,No
760,59,admin.,married,secondary,no,817,no,no,cellular,apr,-1,0,unknown_outcome,No,0.1,No,No,No
761,27,blue-collar,single,primary,no,1128,yes,no,unspecified,jun,-1,0,unknown_outcome,No,0.825,Yes,Yes,Yes
762,32,management,single,tertiary,no,1831,yes,no,cellular,apr,-1,0,unknown_outcome,No,0.11,No,No,No
763,35,technician,single,secondary,no,450,yes,no,cellular,may,-1,0,unknown_outcome,No,0.005,No,No,No
764,28,services,married,secondary,no,0,yes,no,cellular,may,281,8,failure,No,0.06,No,No,No
765,37,management,divorced,secondary,no,414,no,no,cellular,jan,162,4,failure,No,0.405,No,Yes,Yes
766,57,management,married,primary,no,1052,yes,no,unspecified,may,-1,0,unknown_outcome,No,0.215,No,Yes,No
767,42,admin.,single,secondary,no,1022,yes,no,unspecified,may,-1,0,unknown_outcome,No,0.31,No,Yes,No
768,55,admin.,married,primary,no,343,yes,no,cellular,jul,-1,0,unknown_outcome,No,0.11,No,No,No
769,52,management,married,tertiary,no,1944,yes,no,cellular,apr,323,2,failure,No,0.015,No,No,No
770,26,blue-collar,single,secondary,no,-32,yes,yes,cellular,jul,-1,0,unknown_outcome,No,0.425,No,Yes,Yes
771,52,technician,married,secondary,no,1781,yes,no,unspecified,may,-1,0,unknown_outcome,No,0.04,No,No,No
772,26,management,single,tertiary,no,350,no,no,cellular,jul,-1,0,unknown_outcome,No,0.14,No,Yes,No
773,33,unemployed,married,secondary,no,2,yes,no,cellular,jul,-1,0,unknown_outcome,No,0.125,No,Yes,No
774,24,blue-collar,single,primary,no,111,yes,yes,unspecified,may,-1,0,unknown_outcome,No,0.87,Yes,Yes,Yes
775,37,management,divorced,tertiary,no,168,yes,no,unspecified,jun,-1,0,unknown_outcome,No,0.415,No,Yes,Yes
776,28,technician,single,secondary,no,3,no,no,telephone,may,349,6,failure,No,0.045,No,No,No
777,30,technician,single,secondary,no,102,yes,no,unspecified,may,-1,0,unknown_outcome,No,0.045,No,No,No
778,33,blue-collar,married,primary,no,0,yes,no,unspecified,may,-1,0,unknown_outcome,No,0.1,No,No,No
779,55,management,married,primary,no,159,no,no,unspecified,sep,-1,0,unknown_outcome,No,0.205,No,Yes,No
780,33,blue-collar,married,secondary,no,1134,yes,no,unspecified,may,-1,0,unknown_outcome,No,0.13,No,Yes,No
781,42,blue-collar,married,secondary,no,352,yes,no,cellular,may,-1,0,unknown_outcome,No,0.0,No,No,No
782,37,management,married,tertiary,no,865,yes,no,cellular,jun,-1,0,unknown_outcome,No,0.35,No,Yes,No
783,59,blue-collar,married,primary,no,179,yes,no,unspecified,may,-1,0,unknown_outcome,No,0.085,No,No,No
784,27,blue-collar,single,secondary,no,5,yes,no,unspecified,may,-1,0,unknown_outcome,No,0.215,No,Yes,No
785,23,student,married,tertiary,yes,-230,yes,no,cellular,may,-1,0,unknown_outcome,No,0.235,No,Yes,No
786,51,management,divorced,tertiary,no,0,no,no,cellular,aug,-1,0,unknown_outcome,No,0.085,No,No,No
787,50,blue-collar,married,primary,no,3924,yes,no,cellular,apr,-1,0,unknown_outcome,No,0.065,No,No,No
788,43,technician,married,secondary,no,764,yes,no,cellular,jul,-1,0,unknown_outcome,No,0.045,No,No,No
789,37,blue-collar,divorced,primary,no,511,yes,no,telephone,may,-1,0,unknown_outcome,No,0.535,No,Yes,Yes
790,34,management,single,tertiary,no,4348,yes,no,cellular,aug,-1,0,unknown_outcome,No,0.11,No,No,No
791,41,management,married,tertiary,no,3016,yes,no,cellular,jul,-1,0,unknown_outcome,No,0.53,No,Yes,Yes
792,26,student,single,secondary,no,279,no,no,cellular,may,-1,0,unknown_outcome,No,0.095,No,No,No
793,49,management,divorced,tertiary,no,1405,no,no,unspecified,jun,-1,0,unknown_outcome,No,0.22,No,Yes,No
794,29,blue-collar,single,secondary,no,908,yes,no,unspecified,jun,-1,0,unknown_outcome,Yes,0.03,No,No,No
795,30,management,single,tertiary,no,162,yes,no,unspecified,may,-1,0,unknown_outcome,No,0.235,No,Yes,No
796,38,services,divorced,secondary,no,792,no,no,unspecified,jun,-1,0,unknown_outcome,No,0.08,No,No,No
797,58,management,married,secondary,no,111,no,no,telephone,mar,-1,0,unknown_outcome,No,0.29,No,Yes,No
798,34,student,single,secondary,no,1281,no,no,cellular,aug,117,1,failure,No,0.125,No,Yes,No
799,53,services,divorced,secondary,no,1012,yes,no,cellular,jul,-1,0,unknown_outcome,No,0.49,No,Yes,Yes
800,50,management,married,tertiary,no,2881,no,no,cellular,aug,2,5,other,No,0.01,No,No,No
801,30,blue-collar,single,secondary,no,445,yes,no,cellular,apr,330,2,failure,No,0.11,No,No,No
802,40,management,married,secondary,no,643,yes,no,cellular,apr,256,1,failure,No,0.61,No,Yes,Yes
803,57,housemaid,single,secondary,no,254,no,no,cellular,oct,-1,0,unknown_outcome,No,0.025,No,No,No
804,40,management,married,tertiary,no,-1212,yes,no,cellular,may,333,18,failure,No,0.83,Yes,Yes,Yes
805,41,technician,married,secondary,no,2125,yes,yes,cellular,nov,116,4,failure,No,0.135,No,Yes,No
806,53,technician,divorced,secondary,no,629,yes,no,cellular,may,-1,0,unknown_outcome,No,0.26,No,Yes,No
807,48,blue-collar,married,secondary,no,-202,yes,yes,cellular,jul,-1,0,unknown_outcome,No,0.085,No,No,No
808,32,technician,single,secondary,no,271,yes,no,cellular,may,268,2,other,No,0.02,No,No,No
809,34,management,married,tertiary,no,703,yes,no,cellular,apr,-1,0,unknown_outcome,Yes,0.1,No,No,No
810,46,blue-collar,married,secondary,no,-216,yes,no,cellular,jul,-1,0,unknown_outcome,No,0.165,No,Yes,No
811,45,services,divorced,secondary,no,88,no,yes,cellular,jul,-1,0,unknown_outcome,No,0.0,No,No,No
812,51,admin.,single,tertiary,no,16,yes,no,cellular,jan,-1,0,unknown_outcome,No,0.02,No,No,No
813,31,management,married,secondary,no,466,yes,no,cellular,may,-1,0,unknown_outcome,No,0.645,No,Yes,Yes
814,47,technician,married,secondary,no,-75,yes,no,cellular,feb,247,1,other,No,0.175,No,Yes,No
815,32,blue-collar,married,secondary,no,456,no,no,cellular,may,-1,0,unknown_outcome,No,0.185,No,Yes,No
816,41,technician,married,secondary,no,77,yes,no,cellular,may,-1,0,unknown_outcome,No,0.16,No,Yes,No
817,37,services,single,secondary,no,-244,no,no,unspecified,jul,-1,0,unknown_outcome,No,0.085,No,No,No
818,27,blue-collar,single,primary,no,1209,no,no,cellular,jan,-1,0,unknown_outcome,No,0.11,No,No,No
819,27,services,married,secondary,no,58,yes,no,cellular,may,337,2,other,No,0.44,No,Yes,Yes
820,50,management,married,secondary,yes,421,no,no,cellular,nov,-1,0,unknown_outcome,No,0.125,No,Yes,No
821,31,management,single,tertiary,no,112,yes,no,cellular,feb,271,1,failure,No,0.2,No,Yes,No
822,40,self-employed,married,tertiary,no,13669,no,no,cellular,oct,136,8,other,No,0.085,No,No,No
823,43,management,married,tertiary,no,1429,yes,no,cellular,nov,198,2,other,Yes,0.36,No,Yes,No
824,39,technician,married,tertiary,no,794,no,no,telephone,feb,-1,0,unknown_outcome,No,0.06,No,No,No
825,31,entrepreneur,single,tertiary,no,1957,no,no,cellular,feb,-1,0,unknown_outcome,No,0.005,No,No,No
826,48,technician,married,secondary,no,454,yes,no,cellular,jul,-1,0,unknown_outcome,No,0.22,No,Yes,No
827,32,blue-collar,single,primary,no,882,no,yes,cellular,jul,-1,0,unknown_outcome,No,0.195,No,Yes,No
828,47,unemployed,married,primary,no,168,yes,no,telephone,jan,241,1,other,No,0.305,No,Yes,No
829,35,management,single,tertiary,no,714,yes,no,cellular,aug,-1,0,unknown_outcome,No,0.5,No,Yes,Yes
830,42,management,single,tertiary,no,0,no,no,cellular,sep,-1,0,unknown_outcome,No,0.09,No,No,No
831,47,blue-collar,married,secondary,no,1996,no,no,unspecified,jun,-1,0,unknown_outcome,Yes,0.01,No,No,No
832,59,retired,married,secondary,no,163,no,no,cellular,jul,-1,0,unknown_outcome,No,0.095,No,No,No
833,38,admin.,married,secondary,no,3190,yes,no,unspecified,jun,-1,0,unknown_outcome,No,0.125,No,Yes,No
834,50,unemployed,married,secondary,no,1772,no,no,cellular,jul,-1,0,unknown_outcome,No,0.47,No,Yes,Yes
835,27,services,single,secondary,no,-151,no,no,cellular,jul,-1,0,unknown_outcome,No,0.12,No,Yes,No
836,55,housemaid,married,primary,no,16,no,no,unspecified,jun,-1,0,unknown_outcome,No,0.07,No,No,No
837,39,services,single,secondary,no,7066,yes,no,cellular,may,357,3,other,Yes,0.065,No,No,No
838,31,technician,single,tertiary,no,454,no,no,cellular,feb,-1,0,unknown_outcome,No,0.265,No,Yes,No
839,37,entrepreneur,married,tertiary,no,4798,yes,no,unspecified,may,-1,0,unknown_outcome,No,0.235,No,Yes,No
840,28,technician,single,secondary,yes,-298,yes,no,unspecified,jun,-1,0,unknown_outcome,No,0.0,No,No,No
841,42,technician,married,secondary,no,439,no,no,cellular,aug,-1,0,unknown_outcome,No,0.065,No,No,No
842,40,services,divorced,secondary,no,1927,yes,no,unspecified,may,-1,0,unknown_outcome,No,0.01,No,No,No
843,59,management,single,secondary,no,671,yes,yes,cellular,jan,259,5,failure,No,0.135,No,Yes,No
844,40,services,single,secondary,no,65,yes,no,cellular,may,-1,0,unknown_outcome,No,0.375,No,Yes,No
845,43,technician,married,secondary,no,-932,yes,no,cellular,apr,-1,0,unknown_outcome,No,0.115,No,No,No
846,38,technician,single,secondary,no,4366,yes,no,cellular,jul,-1,0,unknown_outcome,No,0.15,No,Yes,No
847,54,retired,married,primary,no,0,yes,no,cellular,jul,-1,0,unknown_outcome,No,0.45,No,Yes,Yes
848,41,blue-collar,married,secondary,no,4900,yes,no,telephone,jul,-1,0,unknown_outcome,No,0.015,No,No,No
849,55,housemaid,divorced,primary,no,976,no,no,cellular,jun,94,3,other,Yes,0.075,No,No,No
850,33,management,married,tertiary,no,148,no,no,unspecified,may,-1,0,unknown_outcome,No,0.05,No,No,No
851,46,blue-collar,married,secondary,no,5,no,no,cellular,aug,-1,0,unknown_outcome,No,0.275,No,Yes,No
852,36,management,married,secondary,no,-148,no,no,cellular,nov,-1,0,unknown_outcome,No,0.345,No,Yes,No
853,48,technician,divorced,tertiary,no,113,no,yes,cellular,jul,-1,0,unknown_outcome,No,0.365,No,Yes,No
854,42,management,married,secondary,no,-105,yes,no,cellular,aug,-1,0,unknown_outcome,No,0.025,No,No,No
855,46,management,divorced,tertiary,no,624,no,no,cellular,sep,183,2,success,Yes,0.155,No,Yes,No
856,49,technician,married,secondary,yes,-1680,yes,yes,unspecified,jun,-1,0,unknown_outcome,No,0.05,No,No,No
857,36,blue-collar,married,secondary,no,-461,no,no,cellular,may,353,1,failure,No,0.025,No,No,No
858,34,technician,single,tertiary,no,144,yes,yes,cellular,oct,85,19,failure,No,0.03,No,No,No
859,51,entrepreneur,divorced,tertiary,no,4,yes,yes,cellular,apr,-1,0,unknown_outcome,No,0.685,No,Yes,Yes
860,58,blue-collar,married,primary,no,309,no,no,cellular,aug,-1,0,unknown_outcome,No,0.04,No,No,No
861,48,management,married,tertiary,no,866,no,no,cellular,jan,-1,0,unknown_outcome,No,0.055,No,No,No
862,41,admin.,single,secondary,no,1020,yes,no,unspecified,may,-1,0,unknown_outcome,Yes,0.005,No,No,No
863,49,self-employed,married,primary,no,489,yes,no,unspecified,may,-1,0,unknown_outcome,No,0.25,No,Yes,No
864,43,management,married,primary,no,8167,yes,no,unspecified,may,-1,0,unknown_outcome,No,0.07,No,No,No
865,32,blue-collar,single,secondary,no,-255,no,yes,unspecified,jul,-1,0,unknown_outcome,No,0.04,No,No,No
866,54,retired,married,secondary,no,3671,no,no,unspecified,jun,-1,0,unknown_outcome,No,0.135,No,Yes,No
867,33,blue-collar,divorced,primary,no,636,yes,no,cellular,jul,-1,0,unknown_outcome,No,0.175,No,Yes,No
868,35,technician,married,secondary,no,141,yes,no,cellular,aug,-1,0,unknown_outcome,No,0.5,No,Yes,Yes
869,56,technician,married,secondary,no,150,yes,yes,cellular,may,349,1,failure,No,0.275,No,Yes,No
870,57,technician,married,secondary,no,839,no,yes,unspecified,may,-1,0,unknown_outcome,No,0.095,No,No,No
871,31,housemaid,single,primary,no,26965,no,no,cellular,apr,-1,0,unknown_outcome,Yes,0.22,No,Yes,No
872,33,technician,single,secondary,no,716,yes,no,cellular,may,-1,0,unknown_outcome,No,0.0,No,No,No
873,29,technician,single,tertiary,no,2485,no,no,telephone,jul,-1,0,unknown_outcome,No,0.185,No,Yes,No
874,38,management,single,tertiary,no,15030,yes,no,cellular,may,174,7,other,No,0.19,No,Yes,No
875,37,admin.,married,secondary,no,11303,no,no,cellular,may,-1,0,unknown_outcome,No,0.02,No,No,No
876,33,entrepreneur,married,tertiary,no,595,no,no,cellular,aug,-1,0,unknown_outcome,No,0.065,No,No,No
877,30,management,single,tertiary,no,19358,no,no,cellular,nov,-1,0,unknown_outcome,No,0.04,No,No,No
878,31,self-employed,single,secondary,no,203,no,yes,cellular,nov,-1,0,unknown_outcome,No,0.025,No,No,No
879,28,technician,single,tertiary,no,183,yes,yes,unspecified,may,-1,0,unknown_outcome,No,0.085,No,No,No
880,26,admin.,single,secondary,no,255,no,no,cellular,apr,80,1,success,Yes,0.315,No,Yes,No
881,31,technician,single,secondary,no,102,yes,no,telephone,apr,345,2,failure,No,0.295,No,Yes,No
882,50,housemaid,divorced,primary,no,94,yes,no,cellular,jul,-1,0,unknown_outcome,No,0.195,No,Yes,No
883,45,entrepreneur,married,primary,no,58,yes,no,telephone,may,371,3,failure,No,0.46,No,Yes,Yes
884,48,management,married,primary,no,606,no,no,cellular,mar,-1,0,unknown_outcome,No,0.045,No,No,No
885,41,technician,married,secondary,no,0,no,yes,cellular,jul,-1,0,unknown_outcome,No,0.045,No,No,No
886,60,technician,married,primary,no,65,yes,no,unspecified,may,-1,0,unknown_outcome,Yes,0.145,No,Yes,No
887,41,blue-collar,married,secondary,no,338,yes,no,unspecified,may,-1,0,unknown_outcome,No,0.085,No,No,No
888,43,blue-collar,married,primary,no,757,yes,no,unspecified,may,-1,0,unknown_outcome,No,0.02,No,No,No
889,36,management,married,tertiary,no,9269,yes,yes,cellular,nov,-1,0,unknown_outcome,No,0.055,No,No,No
890,40,blue-collar,married,primary,no,1206,no,yes,telephone,jul,-1,0,unknown_outcome,No,0.12,No,Yes,No
891,28,management,single,tertiary,no,882,no,yes,cellular,jan,205,2,failure,No,0.115,No,No,No
892,27,student,single,tertiary,no,5291,no,no,cellular,nov,92,2,failure,Yes,0.155,No,Yes,No
893,49,management,single,secondary,no,61,yes,no,cellular,jan,246,1,failure,No,0.02,No,No,No
894,37,technician,married,tertiary,no,0,yes,no,cellular,nov,-1,0,unknown_outcome,No,0.07,No,No,No
895,31,blue-collar,married,secondary,no,1407,yes,no,cellular,may,-1,0,unknown_outcome,No,0.615,No,Yes,Yes
896,31,technician,single,secondary,yes,25,no,no,cellular,feb,-1,0,unknown_outcome,No,0.13,No,Yes,No
897,31,blue-collar,married,secondary,no,1354,yes,yes,cellular,nov,-1,0,unknown_outcome,No,0.035,No,No,No
898,35,blue-collar,married,primary,no,793,yes,no,cellular,apr,-1,0,unknown_outcome,No,0.05,No,No,No
899,51,blue-collar,divorced,secondary,no,10287,yes,no,unspecified,may,-1,0,unknown_outcome,No,0.01,No,No,No
900,33,technician,single,secondary,no,5235,no,no,cellular,aug,-1,0,unknown_outcome,No,0.015,No,No,No
901,30,technician,single,tertiary,no,3,yes,no,cellular,may,169,2,failure,No,0.245,No,Yes,No
902,58,technician,single,secondary,no,409,no,yes,cellular,jul,-1,0,unknown_outcome,No,0.165,No,Yes,No
903,34,admin.,married,tertiary,no,35,yes,no,cellular,oct,69,2,failure,No,0.1,No,No,No
904,45,management,married,tertiary,no,-459,no,no,cellular,aug,-1,0,unknown_outcome,No,0.21,No,Yes,No
